first_name,last_name,gender,email,phone number,date of birth,full address
Barbabra,Benbow,Male,bbenbow0@youku.com,1278676205,26-08-1976,7 Blaine Lane United States
Sig,Croyser,Male,scroyser1@netscape.com,9271022381,29-09-1970,84 Novick Drive United States
Nicol,Euesden,Female,neuesden2@webmd.com,5446717967,09-05-1999,4006 Hazelcrest Center United States
Gleda,Bullion,Female,gbullion3@ucoz.com,5743078049,25-10-1998,6 Bunker Hill Place United States
Brooks,Foreman,Female,bforeman4@un.org,3201416973,02-01-1993,1 Waywood Street United States
Bay,Durno,Female,bdurno5@skyrock.com,2895997929,18-02-1990,731 Meadow Ridge Center United States
Dale,Newstead,Female,dnewstead6@storify.com,7567616670,11-02-1985,483 Arizona Parkway United States
Heindrick,Navarijo,Female,hnavarijo7@123-reg.co.uk,7929259936,05-12-1999,78 Northfield Way United States
Cacilia,Lutsch,Female,clutsch8@sphinn.com,8282522800,14-07-1973,3606 Vahlen Street United States
Isidore,Matteotti,Female,imatteotti9@ucla.edu,8039714776,26-07-1994,03 Marcy Avenue United States
Nelly,Persse,Female,nperssea@dailymail.co.uk,1756119552,08-12-1977,5703 Scott Junction United States
Sallee,Storck,Male,sstorckb@vinaora.com,3852543236,03-03-1999,6264 Rockefeller Point United States
Charita,Forsdike,Female,cforsdikec@ebay.com,9654936374,29-01-1973,4 International Point United States
Cariotta,Lyes,Female,clyesd@independent.co.uk,7919822218,27-08-1996,55793 Acker Park United States
Pablo,Brosoli,Female,pbrosolie@vk.com,4986725068,08-09-1979,459 Myrtle Circle United States
Aube,Boarder,Female,aboarderf@dyndns.org,1067562101,20-09-1970,6567 Helena Road United States
Harri,Barlee,Female,hbarleeg@unc.edu,5581664750,31-01-1984,10534 Basil Plaza United States
Van,Jakuszewski,Female,vjakuszewskih@cornell.edu,9446588402,11-10-1985,073 Algoma Trail United States
Ines,Marling,Male,imarlingi@theatlantic.com,4029656771,14-03-1986,9636 Mariners Cove Alley United States
Shurlock,Knoton,Female,sknotonj@state.gov,8613959388,19-08-1973,5 Sunfield Court United States
Helli,Paffett,Male,hpaffettk@fema.gov,8687532676,29-11-1983,92 Larry Center United States
Georgi,Scothorne,Male,gscothornel@ed.gov,3976541259,19-07-1974,36073 Hooker Plaza United States
Orelle,Arnoult,Male,oarnoultm@wsj.com,4066511372,25-08-1988,0106 Ridgeway Street United States
Clarinda,Trittam,Male,ctrittamn@mail.ru,9488403929,04-06-1973,7759 Amoth Point United States
Emmott,Halfpenny,Male,ehalfpennyo@wikispaces.com,9567595327,17-11-1974,3744 Browning Junction United States
Wilbert,Wiles,Male,wwilesp@goo.gl,4667907739,26-11-1978,650 Carioca Hill United States
Law,Andover,Male,landoverq@lulu.com,5531422617,22-01-1972,894 Valley Edge Hill United States
Diana,Hyrons,Female,dhyronsr@netlog.com,9706848111,29-01-1990,327 Clyde Gallagher Crossing United States
Herve,Blaszczyk,Male,hblaszczyks@fda.gov,1262064287,05-03-1970,58 Comanche Drive United States
Woodie,Levens,Male,wlevenst@tripadvisor.com,2702531381,23-03-1970,8 Manufacturers Hill United States
Madlin,Gorring,Male,mgorringu@nba.com,2795357335,11-03-1978,4368 Mitchell Terrace United Kingdom
Gwenneth,Garrie,Male,ggarriev@hubpages.com,2894561325,12-09-1984,600 Oriole Crossing United States
Rudiger,Kitchinham,Female,rkitchinhamw@paginegialle.it,5164103895,19-04-1973,7 Hauk Circle United States
Ynes,Cleal,Male,yclealx@trellian.com,5605073697,01-08-1987,18322 Spaight Road United States
Leonidas,Sangar,Male,lsangary@netlog.com,9926934468,23-08-1972,2669 Thierer Court United States
Sammy,Fogden,Female,sfogdenz@macromedia.com,1946838698,02-11-1997,28 Johnson Drive United Kingdom
Isis,Pudding,Female,ipudding10@plala.or.jp,1038282416,27-04-1978,39 Luster Park United States
Alexandrina,Waggett,Male,awaggett11@dot.gov,8158404888,13-06-1978,55 Sloan Lane United States
Neall,Ties,Male,nties12@sciencedirect.com,5787357644,06-07-1997,15 Fairfield Trail United States
Gwendolyn,Bras,Male,gbras13@constantcontact.com,9363966054,11-04-1992,6 Cambridge Circle United States
Opalina,Manger,Male,omanger14@telegraph.co.uk,1121751658,30-06-1992,273 Sachtjen Park United States
Rina,Whaymand,Female,rwhaymand15@wix.com,2842088859,08-06-1984,72802 Spaight Crossing United States
Morris,Mephan,Female,mmephan16@hao123.com,6356661833,20-01-1977,01974 Kipling Crossing United States
Evelin,Reid,Female,ereid17@tinyurl.com,2526825957,02-08-1980,26 Pepper Wood Court United States
Lesya,Gouinlock,Male,lgouinlock18@ezinearticles.com,6279482432,26-12-1978,94034 Summer Ridge Parkway United States
Fleming,Butterley,Male,fbutterley19@harvard.edu,4636434723,06-07-1975,185 Saint Paul Junction United States
Dianemarie,Hilary,Male,dhilary1a@ycombinator.com,2381151716,10-02-1970,65 Dexter Way United States
Rex,MacLaughlin,Male,rmaclaughlin1b@google.de,6113543249,11-09-1999,8 Toban Terrace United States
Hesther,Glasbey,Female,hglasbey1c@nationalgeographic.com,4239176753,06-09-1997,991 Texas Court United States
Juliana,Ropkins,Female,jropkins1d@toplist.cz,9436150407,11-12-1982,2471 Hintze Drive United States
Thekla,Sanzio,Male,tsanzio1e@toplist.cz,2191595515,16-06-1981,1986 Oriole Court United States
Madlen,Thomazet,Male,mthomazet1f@msu.edu,2234796250,13-04-1977,93324 Corscot Alley United States
Pearla,Mazillius,Female,pmazillius1g@mashable.com,1995021738,07-07-1999,55614 Lawn Road United Kingdom
Claretta,Struis,Female,cstruis1h@google.co.jp,7707770341,19-05-1996,68483 Gale Parkway United States
Elena,Comar,Male,ecomar1i@wunderground.com,9434407344,17-07-1988,1965 Toban Park United States
Griffith,Penniell,Male,gpenniell1j@uiuc.edu,4846089628,19-03-1994,65735 Westport Plaza Australia
Karlene,Delamaine,Female,kdelamaine1k@senate.gov,3335522335,14-06-1976,791 Bellgrove Drive United States
Byrle,Crowche,Male,bcrowche1l@freewebs.com,6339326486,08-08-1988,25228 Nevada Junction United States
Nicki,Mackney,Male,nmackney1m@eepurl.com,2318318165,11-04-1982,9538 Carey Drive United States
Broderic,Deboick,Male,bdeboick1n@gizmodo.com,2248351046,16-05-1987,36634 Doe Crossing Place United States
Millisent,Martina,Male,mmartina1o@ted.com,9949040104,09-06-1992,03 Thackeray Center United States
Nealy,Wandrey,Male,nwandrey1p@alibaba.com,9745036778,06-07-1980,234 Bellgrove Pass United States
Hildagard,Nellen,Female,hnellen1q@japanpost.jp,2049840214,16-11-1987,970 Pierstorff Road United Kingdom
Maximilian,Sperski,Male,msperski1r@springer.com,1546050810,06-08-1988,7 Cardinal Pass United States
Shurwood,Davion,Female,sdavion1s@themeforest.net,5078557625,17-03-1970,03 Blaine Plaza United States
Boonie,Solomonides,Male,bsolomonides1t@hatena.ne.jp,7486926865,19-08-1999,744 Bartelt Terrace United States
Faythe,Fulun,Female,ffulun1u@live.com,2721011082,26-11-1973,651 Nevada Way United States
Jasen,Farn,Male,jfarn1v@craigslist.org,5581487016,09-05-1980,2 Thompson Junction United States
Clemente,Featherstone,Female,cfeatherstone1w@quantcast.com,4975987702,26-09-1993,67733 Norway Maple Center United States
Izabel,Spoerl,Male,ispoerl1x@theglobeandmail.com,1678449876,14-12-1975,2 Cordelia Court United States
Jennine,Durek,Male,jdurek1y@exblog.jp,8096667653,23-06-1990,837 Kingsford Terrace United States
Libbi,Tiddy,Male,ltiddy1z@bloomberg.com,1302194719,28-08-1971,32270 Rusk Center United States
Janie,Malham,Male,jmalham20@yolasite.com,5254849000,26-09-1982,8745 Fairfield Plaza United States
Della,Sherrett,Male,dsherrett21@examiner.com,6364715204,13-09-1987,6728 Lyons Circle United States
Damita,Jessop,Male,djessop22@bizjournals.com,1484223868,05-03-1999,8966 Service Trail United States
Sherline,Sigert,Female,ssigert23@washington.edu,1691845801,03-01-1984,9 Maryland Point United States
Frankie,McCaskill,Female,fmccaskill24@dedecms.com,9161877655,09-03-1980,01313 Stephen Way United Kingdom
Thorsten,Woodfine,Female,twoodfine25@shinystat.com,7045379515,23-04-1971,1 Kings Way United States
Melanie,Crummy,Male,mcrummy26@newyorker.com,3546812106,14-10-1977,50 Ridgeway Road United States
Hollie,Collens,Female,hcollens27@mlb.com,9529595441,12-07-1988,5760 Amoth Street United Kingdom
Rozele,Gerold,Male,rgerold28@mediafire.com,7538728575,13-04-1987,37 Fieldstone Drive United States
Margit,Sizzey,Female,msizzey29@army.mil,5108208887,09-05-1977,8 Lighthouse Bay Hill United States
Georgia,Flatt,Female,gflatt2a@ox.ac.uk,5329338141,03-12-1978,4 Becker Way United States
Winona,Steuhlmeyer,Female,wsteuhlmeyer2b@woothemes.com,9014756007,09-08-1999,3150 Fairview Court United States
Mirilla,Mainwaring,Male,mmainwaring2c@g.co,8268300608,18-03-1979,89 Rowland Terrace United Kingdom
Pamela,Kohnen,Male,pkohnen2d@networkadvertising.org,7172807828,19-11-1990,2632 Stuart Hill United States
Kelli,Rosetti,Female,krosetti2e@liveinternet.ru,9473756288,15-09-1970,2 Hintze Place United States
Sonnnie,Van der Beek,Male,svanderbeek2f@google.ru,3366816927,05-06-1973,939 Rockefeller Parkway United States
Agace,Inchcomb,Female,ainchcomb2g@eventbrite.com,8734800628,01-05-1997,5 Mcbride Junction United States
Yalonda,Baynard,Female,ybaynard2h@sciencedaily.com,9158389734,13-12-1998,21074 Waxwing Parkway United States
Camel,Claige,Female,cclaige2i@toplist.cz,6946816993,14-12-1980,5 Shopko Circle United States
Griff,Rosenhaus,Female,grosenhaus2j@ted.com,4187837702,15-02-1983,91864 Maryland Park United States
Elberta,Chivers,Female,echivers2k@mashable.com,2171157046,22-08-1981,8935 Stephen Crossing United States
Rosanne,Blasgen,Male,rblasgen2l@wunderground.com,2903362582,03-04-1983,5622 Anhalt Circle United States
Helli,Gitsham,Male,hgitsham2m@desdev.cn,3117110222,27-11-1997,58049 Prairieview Court United States
Gery,Kowal,Male,gkowal2n@is.gd,6759466564,07-08-1990,21108 Muir Terrace United Kingdom
Randy,Cahan,Female,rcahan2o@themeforest.net,1571464468,20-02-1981,89932 Shoshone Park United States
Victoir,Vinter,Male,vvinter2p@eventbrite.com,2837252738,22-07-1992,33 Corry Circle United Kingdom
Carolin,Ladlow,Male,cladlow2q@amazon.com,7246658972,05-05-1978,20 Division Park United States
Binny,Forestall,Male,bforestall2r@harvard.edu,6515790258,27-12-1985,386 Anniversary Street United States
Buckie,Kitlee,Female,bkitlee2s@zimbio.com,9909561091,26-05-1976,7 Hauk Street United States
Orv,Pothergill,Male,opothergill2t@miitbeian.gov.cn,7645770658,14-01-1995,44 Old Gate Plaza Australia
Barny,Holstein,Female,bholstein2u@github.com,8124792051,22-07-1982,44003 Spaight Center United States
Robert,Tregidgo,Female,rtregidgo2v@hp.com,4746260214,07-05-1983,475 Steensland Avenue United States
Keir,Capponeer,Female,kcapponeer2w@yellowpages.com,9046837005,10-12-1973,3 Huxley Hill United States
Pepito,Trew,Male,ptrew2x@toplist.cz,2051780917,09-01-1983,85 Barby Avenue United States
Kimberlyn,Collett,Male,kcollett2y@bravesites.com,7923967187,17-12-1996,9945 Reinke Court United States
Ora,Catlow,Male,ocatlow2z@feedburner.com,5531512344,11-10-1999,1 Bluestem Way United States
Sadie,Downton,Male,sdownton30@etsy.com,8669771807,04-11-1998,6505 Cordelia Crossing United States
Tabby,Callander,Female,tcallander31@flickr.com,2486808778,14-08-1988,1960 Harbort Place United States
Agnes,Everly,Female,aeverly32@jugem.jp,6325453352,17-10-1972,96 Charing Cross Street United States
Malva,Tussaine,Female,mtussaine33@narod.ru,1542681482,29-07-1984,523 Sloan Crossing United States
Nikolaus,Farnell,Female,nfarnell34@adobe.com,3948595966,24-11-1971,2076 Coleman Avenue United States
Sonni,Le Strange,Male,slestrange35@tinyurl.com,1905758692,20-05-1994,8390 Upham Lane United States
Josiah,Spaunton,Female,jspaunton36@liveinternet.ru,2218883966,19-07-1997,61 Russell Junction United States
Erhart,Ricardot,Female,ericardot37@scribd.com,8689083702,25-08-1971,24102 Larry Plaza United States
Eziechiele,Obal,Male,eobal38@xing.com,6376218377,18-08-1977,846 Gina Way United States
Nari,Yesinov,Male,nyesinov39@patch.com,4719099578,02-06-1973,5911 Express Terrace United States
Audie,Hacking,Male,ahacking3a@hugedomains.com,9682180679,07-05-1976,8 Burning Wood Plaza United States
Kimble,Mattinson,Female,kmattinson3b@simplemachines.org,1613079320,15-10-1972,33697 Roxbury Way United States
Freddi,Kix,Female,fkix3c@gizmodo.com,6985623174,17-11-1992,715 Larry Road United States
Granville,Clohessy,Female,gclohessy3d@reference.com,7053854561,26-02-1999,19 Riverside Junction United States
Jermaine,Retallack,Male,jretallack3e@seattletimes.com,5756103178,01-01-1978,69 Gina Center United States
Conant,Cassell,Female,ccassell3f@cmu.edu,9248890935,20-11-1979,933 Drewry Alley United States
Dar,Khilkov,Male,dkhilkov3g@vinaora.com,3177181160,23-12-1990,1 Morningstar Junction United States
Bondy,Munning,Female,bmunning3h@si.edu,4965932897,21-08-1996,75 Del Mar Drive United States
Henryetta,Doeg,Male,hdoeg3i@state.gov,5582159397,05-09-1977,1 Dunning Hill United States
Alphonso,Devennie,Male,adevennie3j@mtv.com,9494322491,06-08-1997,01 Burrows Trail United States
Gabi,Knewstubb,Female,gknewstubb3k@columbia.edu,2046114161,22-08-1979,97 Loeprich Alley United States
Genovera,Lark,Male,glark3l@macromedia.com,3599579530,26-02-1992,346 Ruskin Avenue United States
Kalle,Androck,Female,kandrock3m@t-online.de,1785052244,11-01-1971,12789 Rutledge Terrace United States
Josee,Keinrat,Male,jkeinrat3n@uiuc.edu,2356515844,20-06-1972,9379 Westridge Circle United States
Dare,Briamo,Female,dbriamo3o@fotki.com,2299558087,13-03-1983,4 Merry Place United States
Trumaine,Gaiter,Female,tgaiter3p@clickbank.net,6399812277,10-02-1976,1 Marquette Point United States
Reinhard,Mohamed,Male,rmohamed3q@ehow.com,5369710844,08-07-1991,72762 Coleman Way United States
Sophronia,Tallach,Male,stallach3r@sfgate.com,8508923819,15-02-1980,22 Grayhawk Park United States
Ade,Tollmache,Female,atollmache3s@independent.co.uk,7635821534,05-04-1978,7944 Stoughton Road United States
Giraud,Alsobrook,Male,galsobrook3t@cnn.com,6113372764,28-08-1992,34 Harbort Place United States
Hilly,Chesser,Female,hchesser3u@msn.com,4446019313,05-02-1985,52 Waubesa Junction United States
Arne,McKenna,Male,amckenna3v@answers.com,8793650049,21-04-1974,63423 Arkansas Street United Kingdom
Nicky,Pudsall,Male,npudsall3w@harvard.edu,3918740430,13-04-1980,9940 Delaware Point United States
Olva,Swinfen,Male,oswinfen3x@flickr.com,2729903456,04-06-1992,652 Veith Lane United States
Dominga,Rewbottom,Female,drewbottom3y@mozilla.org,2642532532,26-06-1977,9569 Comanche Pass United Kingdom
Terencio,Mulhall,Female,tmulhall3z@disqus.com,7056934181,23-06-1973,657 Spohn Road United States
Mildrid,Elkin,Female,melkin40@zdnet.com,6433854313,26-11-1981,332 Laurel Parkway United States
Rice,Busson,Male,rbusson41@friendfeed.com,2606039592,25-05-1988,2 Green Ridge Trail United States
Holly-anne,Pettersen,Female,hpettersen42@apple.com,2012449508,21-05-1996,91 Annamark Trail United States
Roxi,Chalcroft,Female,rchalcroft43@slideshare.net,7924614403,03-06-1983,3 Village Green Point United Kingdom
Oliviero,Tustin,Male,otustin44@theguardian.com,2631188800,02-09-1996,36446 Dexter Circle United States
Arnold,McCaughren,Female,amccaughren45@hc360.com,4754930511,07-11-1983,39748 Summer Ridge Place United States
Conrado,Matiebe,Female,cmatiebe46@com.com,7957382677,11-06-1972,861 Towne Alley United States
Almeda,Taffrey,Male,ataffrey47@webs.com,6303384070,10-07-1987,37957 Cambridge Road United States
Claus,D'Avaux,Female,cdavaux48@flickr.com,2915051174,17-05-1985,1 Bunker Hill Center United States
Lenee,Elion,Male,lelion49@opensource.org,2628512008,01-04-1993,853 Memorial Avenue United States
Hamel,Doughtery,Female,hdoughtery4a@sphinn.com,4273390065,16-07-1994,2 Duke Trail United States
Dorian,Dorney,Female,ddorney4b@xinhuanet.com,7485270115,16-06-1981,9557 Bartelt Place United States
Alfy,Peperell,Male,apeperell4c@hibu.com,1393826647,17-12-1981,814 Service Avenue United States
Jackie,Macer,Female,jmacer4d@ehow.com,1575237076,24-09-1970,948 Beilfuss Lane United States
Francisca,Ibeson,Male,fibeson4e@quantcast.com,1456533462,24-10-1988,666 Mcbride Road United States
Enrika,Townsend,Male,etownsend4f@elegantthemes.com,1954767108,15-08-1970,2 Dwight Plaza United States
Cecil,Deniseau,Female,cdeniseau4g@studiopress.com,5851636888,25-11-1999,423 Canary Parkway United States
Gilda,Buey,Female,gbuey4h@nbcnews.com,5036267838,03-05-1990,01041 Kenwood Street United States
Linet,Allmark,Male,lallmark4i@cnn.com,4279373585,14-03-1999,11061 Service Trail United States
Fin,Yukhnini,Male,fyukhnini4j@alexa.com,1853634513,13-02-1989,096 Gateway Alley United States
Ruben,Thumim,Male,rthumim4k@ifeng.com,7628892613,22-10-1990,29 Roth Center United States
Lily,O'Dowgaine,Female,lodowgaine4l@cyberchimps.com,1137718410,04-05-1995,49 Autumn Leaf Center United States
Corrie,Cockshott,Female,ccockshott4m@shinystat.com,3676293767,22-02-1970,49021 Utah Street United States
Denver,Bollard,Male,dbollard4n@youtube.com,6263673760,01-03-1989,616 Crest Line Place United States
Iolanthe,Teresi,Female,iteresi4o@symantec.com,6319433954,20-04-1995,3113 Prairieview Plaza United States
Faydra,MacCumeskey,Male,fmaccumeskey4p@barnesandnoble.com,1422275836,08-03-1984,06 Acker Court United States
Claudio,Philcock,Female,cphilcock4q@icq.com,5579806018,21-08-1971,1145 Schurz Plaza Australia
Noll,Thom,Female,nthom4r@cbc.ca,8829917112,17-06-1972,0 Loomis Lane United States
August,Mostyn,Female,amostyn4s@examiner.com,7951542248,06-06-1987,3779 Anhalt Pass United States
Electra,Bernardotti,Female,ebernardotti4t@webmd.com,3473788892,17-07-1985,0437 Cherokee Center United States
Michaelina,Lates,Male,mlates4u@google.co.jp,3744052041,16-02-1983,876 Village Green Park United States
Glori,Madill,Male,gmadill4v@comsenz.com,4135182051,05-03-1976,5561 Carioca Circle United States
Valeria,Smithson,Male,vsmithson4w@nature.com,9522700479,22-05-1978,01 Blaine Plaza United States
Adrian,Betancourt,Male,abetancourt4x@weather.com,7188595485,18-10-1994,5619 American Ash Road United States
Corney,Buxcy,Female,cbuxcy4y@theguardian.com,1198995581,22-03-1974,84978 Independence Trail United States
Marya,Francey,Male,mfrancey4z@google.de,9006617858,15-09-1977,459 Continental Point United Kingdom
Barnard,Mularkey,Female,bmularkey50@techcrunch.com,5398892039,10-01-1997,24 Towne Park United States
Hedvig,O'Crowley,Male,hocrowley51@printfriendly.com,2344766925,22-07-1991,87203 Kenwood Way United States
Jackelyn,Antonutti,Female,jantonutti52@toplist.cz,5486413596,24-12-1985,71 Pleasure Circle United States
Rube,McEntagart,Female,rmcentagart53@163.com,2261214026,30-08-1987,3 Vahlen Drive United States
Joeann,Binyon,Female,jbinyon54@desdev.cn,5074581522,08-01-1984,912 Raven Hill United Kingdom
Dan,Pottberry,Female,dpottberry55@issuu.com,7819313637,31-03-1988,49 Canary Circle United States
Raphaela,Florentine,Male,rflorentine56@fema.gov,1806299780,01-07-1974,48 Riverside Road United States
Cullin,Wrought,Female,cwrought57@creativecommons.org,8555059564,12-02-1998,4929 Arapahoe Plaza United States
Miguelita,Pecey,Male,mpecey58@netlog.com,3186118161,02-08-1971,233 Melrose Way United States
Joby,Cullagh,Female,jcullagh59@studiopress.com,3828006491,11-02-1972,68593 Buhler Plaza United States
Kerwin,Casserly,Female,kcasserly5a@mysql.com,6557236556,25-09-1984,1 Muir Way United States
Dionisio,Leifer,Female,dleifer5b@tuttocitta.it,3018920035,18-07-1972,0581 Hazelcrest Road United States
Robby,Inkpen,Female,rinkpen5c@over-blog.com,3958642211,27-03-1988,1804 Oriole Terrace United States
Pace,Gadesby,Male,pgadesby5d@hud.gov,1139087024,12-03-1974,495 Becker Parkway United States
Daryl,Fury,Female,dfury5e@shutterfly.com,3887156253,10-06-1991,64029 Prairie Rose Crossing United States
Albina,Conkey,Female,aconkey5f@wikimedia.org,4854513197,11-09-1971,6 Merry Parkway United States
Marney,Dodgshon,Female,mdodgshon5g@cbsnews.com,7648508294,22-02-1976,56454 Fieldstone Point United States
Annaliese,Gors,Female,agors5h@seattletimes.com,5653695629,06-02-1976,30 Jay Court United States
Rochelle,Miell,Male,rmiell5i@furl.net,8756203301,25-09-1983,6188 Fulton Pass United States
Roderick,Thorold,Male,rthorold5j@elegantthemes.com,6671181653,13-07-1984,00829 Dorton Street United States
Consalve,Badrick,Male,cbadrick5k@java.com,6325870341,05-05-1992,872 Miller Point United States
Dru,Domange,Male,ddomange5l@nhs.uk,9667946392,05-08-1975,1 Russell Court United States
Zandra,Lanegran,Female,zlanegran5m@dell.com,9327462122,09-08-1975,150 Farmco Junction United States
Rourke,Cadd,Female,rcadd5n@cnet.com,6419315699,02-05-1984,4 Johnson Junction United States
Alexandra,Broady,Female,abroady5o@blog.com,5987049651,31-07-1992,57748 Dakota Court United States
Kassia,Abramovicz,Male,kabramovicz5p@businessweek.com,9199171327,25-11-1974,9 Continental Terrace United States
Skipper,Brehaut,Male,sbrehaut5q@japanpost.jp,5811035179,06-02-1986,6421 Beilfuss Court United States
Mordecai,Molder,Female,mmolder5r@businessinsider.com,1176194324,30-12-1987,64452 Utah Junction United States
Elberta,Marlowe,Female,emarlowe5s@51.la,6218426398,31-10-1995,9850 Elka Place United States
Graehme,Curtain,Male,gcurtain5t@scribd.com,7604562865,27-08-1996,32 Center Drive United States
Putnam,Rushbury,Female,prushbury5u@china.com.cn,5565237506,26-04-1995,3697 5th Alley United Kingdom
Zonnya,Woolley,Female,zwoolley5v@cbsnews.com,1226220611,17-01-1999,7333 Fieldstone Road United States
Derick,Gomme,Male,dgomme5w@hao123.com,4714951391,21-11-1998,7986 Burrows Way United States
Gabriella,Bassam,Female,gbassam5x@google.nl,8162087200,21-04-1986,9 Nancy Pass United States
Gerome,Baigrie,Female,gbaigrie5y@shinystat.com,7239882182,16-11-1981,491 Dunning Park United States
Bondie,Wride,Male,bwride5z@vinaora.com,5894199985,24-01-1990,88528 Green Street United States
Lorry,Galliver,Female,lgalliver60@ucoz.ru,3816647673,18-02-1977,52 Pearson Road United States
Gavrielle,Palumbo,Male,gpalumbo61@smugmug.com,1618912871,27-08-1997,7 Brentwood Terrace United States
Renee,Dugget,Female,rdugget62@bloomberg.com,5812718511,11-07-1971,909 Pierstorff Crossing United States
Ceciley,Neilson,Male,cneilson63@booking.com,8628122146,15-06-1987,8415 Bobwhite Place United States
Farleigh,Batteson,Male,fbatteson64@cmu.edu,9965580231,19-11-1977,58 Leroy Court United States
Dev,Congreave,Female,dcongreave65@sina.com.cn,8477286453,16-09-1980,0908 Bartillon Avenue United Kingdom
Cherianne,Goodnow,Male,cgoodnow66@geocities.com,7203453656,12-04-1998,9 Golden Leaf Crossing United States
Edyth,Langabeer,Male,elangabeer67@php.net,8761517481,27-02-1979,998 Northport Court United States
Shae,MacMychem,Male,smacmychem68@fotki.com,2574953302,11-12-1993,28 Hanover Road United Kingdom
Gordon,Keough,Female,gkeough69@columbia.edu,8446713756,29-06-1970,12 Mariners Cove Court United States
El,Slipper,Male,eslipper6a@blogtalkradio.com,3658312612,11-09-1985,0259 Kensington Junction United States
Blythe,Staining,Female,bstaining6b@ovh.net,4536142998,06-01-1981,5 Farmco Place United States
Gawen,Nibley,Female,gnibley6c@addtoany.com,1224247605,03-02-1977,60636 Park Meadow Alley United States
Uriel,Wheeldon,Female,uwheeldon6d@sakura.ne.jp,7832070525,18-04-1974,567 Little Fleur Trail United States
Jobina,Iron,Male,jiron6e@paypal.com,8357389407,17-10-1987,9 Declaration Street United States
Clari,McLevie,Female,cmclevie6f@photobucket.com,7514753465,16-12-1984,6453 Monterey Alley United States
Estel,Blessed,Female,eblessed6g@furl.net,5195065740,27-05-1977,5858 Vera Center United States
Brit,Meads,Female,bmeads6h@hibu.com,4686098476,30-03-1981,8 Toban Way United States
Gunner,Lammers,Female,glammers6i@unc.edu,3264789979,17-03-1994,6757 Quincy Parkway United States
Sianna,Conklin,Female,sconklin6j@slideshare.net,5585405309,15-10-1979,825 Londonderry Place United States
Merline,Foyston,Male,mfoyston6k@census.gov,2488034072,21-07-1978,8 Maple Center United States
Dominique,Pitsall,Female,dpitsall6l@usda.gov,6643061392,18-03-1973,712 Portage Plaza United States
Karalynn,Kenealy,Male,kkenealy6m@bloomberg.com,8203540445,20-02-1991,40008 Schurz Terrace United Kingdom
Janie,Fincken,Male,jfincken6n@constantcontact.com,1068671222,12-06-1973,210 Garrison Pass United Kingdom
Seka,Watts,Female,swatts6o@dell.com,8339621752,31-03-1999,5397 Commercial Court United States
Gary,Askie,Female,gaskie6p@oakley.com,6558157663,27-09-1980,4508 Service Terrace United States
Sophia,Hellen,Male,shellen6q@va.gov,6325385983,06-03-1975,547 Talmadge Avenue United Kingdom
Elmira,Kubu,Male,ekubu6r@si.edu,7275438802,17-11-1984,13 Stephen Place United States
Parker,Kubicki,Female,pkubicki6s@techcrunch.com,6592219686,03-10-1996,8352 Browning Point United States
Zackariah,Akred,Female,zakred6t@a8.net,8534651920,26-07-1989,7 Carioca Point United States
Celeste,Valois,Female,cvalois6u@unesco.org,9573429181,01-07-1984,2528 Butterfield Park United States
Findlay,Ottewill,Female,fottewill6v@acquirethisname.com,1184012529,06-01-1973,9 Sutherland Road United States
Randell,Dubber,Female,rdubber6w@dell.com,8727460193,28-09-1996,670 Welch Park United States
Lesly,Simester,Male,lsimester6x@1und1.de,1853902527,20-09-1979,7 Continental Lane United States
Fred,Frisby,Female,ffrisby6y@nba.com,6477084944,15-03-1974,10598 Dottie Point United States
Ashlan,Stranger,Male,astranger6z@google.cn,2768954121,07-05-1971,3 Lakewood Court United States
Yasmeen,Larroway,Female,ylarroway70@cocolog-nifty.com,6919542808,21-10-1978,47556 Weeping Birch Terrace United States
Isabelle,Prinn,Male,iprinn71@aboutads.info,8483410151,14-10-1989,34719 Stephen Terrace United States
Jereme,Naismith,Male,jnaismith72@wikispaces.com,8708428544,23-03-1988,29626 Haas Way United States
Laverne,Coulthard,Male,lcoulthard73@xrea.com,2921923267,10-12-1978,8577 Grasskamp Terrace United States
Nickola,Warden,Female,nwarden74@columbia.edu,5853740981,04-07-1976,871 Hovde Terrace United States
Corly,Jancik,Male,cjancik75@instagram.com,7269398371,09-10-1987,357 Saint Paul Point United Kingdom
Giuseppe,Penelli,Female,gpenelli76@spotify.com,3053455187,06-10-1987,526 Farmco Junction United States
Bathsheba,Elbourne,Male,belbourne77@loc.gov,4468187443,10-10-1993,5170 Dottie Crossing United States
Edyth,Devers,Male,edevers78@reference.com,2141138187,30-03-1979,74277 Schmedeman Point United States
Ennis,Gillan,Female,egillan79@twitpic.com,5192856189,03-08-1978,88 Talisman Point United States
Hastie,Meneer,Female,hmeneer7a@goo.gl,2574519373,08-07-1986,62216 Sutherland Pass Australia
Adore,Claussen,Female,aclaussen7b@weebly.com,3982419711,16-01-1971,5301 1st Parkway United States
Winny,Pautard,Female,wpautard7c@slashdot.org,8681977101,07-03-1978,023 Columbus Terrace United States
Lucinda,Ickovicz,Female,lickovicz7d@themeforest.net,6695508865,16-09-1981,41 Gina Pass United States
Candi,Binnion,Female,cbinnion7e@state.tx.us,3139036245,20-10-1978,2 Moland Plaza United States
Oswell,Jaze,Female,ojaze7f@va.gov,7267259979,26-03-1977,53 Sauthoff Circle United States
Chelsie,Durant,Female,cdurant7g@prlog.org,1295684007,22-10-1995,0712 Bowman Street United States
Osgood,MacGillespie,Female,omacgillespie7h@youku.com,7844351457,12-02-1998,79 Jay Terrace United States
Laurena,Bick,Male,lbick7i@hhs.gov,3466730426,07-04-1979,51695 Emmet Avenue United States
Dora,Wrixon,Male,dwrixon7j@wikia.com,5089784074,06-04-1979,429 Gerald Drive United States
Jehu,Pieracci,Male,jpieracci7k@engadget.com,8056710921,31-08-1988,45 Mallory Drive United States
Reynold,Carlos,Male,rcarlos7l@businessweek.com,9006666510,30-12-1998,5 Colorado Crossing United States
Sullivan,Lehrian,Male,slehrian7m@sakura.ne.jp,8385499809,13-11-1988,0 Northridge Court United States
Lynnea,Clayton,Male,lclayton7n@studiopress.com,8004630985,06-01-1982,4032 Eliot Point United Kingdom
Carmon,Smalles,Male,csmalles7o@reverbnation.com,2358329105,14-06-1974,150 Sommers Place United States
Ursala,Notti,Female,unotti7p@marketwatch.com,2697904172,02-08-1973,9247 Mccormick Park United States
Florette,Chuter,Male,fchuter7q@constantcontact.com,8935086531,26-01-1980,19015 Westport Park United Kingdom
Susie,Frayn,Male,sfrayn7r@ovh.net,5795013512,01-05-1985,01 Tennyson Crossing United States
Jaynell,Delany,Male,jdelany7s@google.nl,3159840477,15-07-1994,2 Merrick Point United States
Lauraine,Verney,Female,lverney7t@usda.gov,4723104192,15-08-1973,038 Mallory Terrace United States
Sydney,Peattie,Male,speattie7u@4shared.com,7283441544,13-01-1973,1 Gulseth Terrace United Kingdom
Hastie,Shrieves,Female,hshrieves7v@yelp.com,6978863998,16-06-1994,97 Warner Alley United Kingdom
Jeannie,Feares,Male,jfeares7w@odnoklassniki.ru,4178601841,31-07-1982,16533 High Crossing Street United Kingdom
Weber,Heffernon,Female,wheffernon7x@census.gov,7126439333,25-01-1982,53457 Eastwood Park United States
Salmon,Meiklejohn,Female,smeiklejohn7y@thetimes.co.uk,1669148167,07-12-1971,337 Homewood Road United States
Yasmeen,Gero,Male,ygero7z@springer.com,1037834919,06-09-1982,16 Iowa Alley United States
Lucilia,Radmore,Female,lradmore80@japanpost.jp,3323231652,21-03-1986,536 East Pass United States
Carlynn,Ripper,Female,cripper81@ted.com,9269075027,07-11-1988,482 Clemons Point United States
Myranda,Baysting,Female,mbaysting82@barnesandnoble.com,3125290934,14-09-1972,81413 Kennedy Court United States
Orville,Verney,Male,overney83@yahoo.com,6548873208,16-05-1998,67 Pawling Lane United Kingdom
Kelly,Rangall,Male,krangall84@booking.com,2254147092,06-10-1978,3 Old Shore Terrace United States
Lucilia,Hazeltine,Male,lhazeltine85@cdbaby.com,1107998518,18-08-1996,92499 Burning Wood Avenue United States
Norry,Vel,Female,nvel86@va.gov,3001932654,12-02-1979,1878 Buhler Hill United States
Waylan,Blachford,Male,wblachford87@xing.com,8124795319,04-09-1985,8529 Jay Avenue Australia
Averil,Juliano,Male,ajuliano88@tinyurl.com,6254848477,13-12-1985,6 Grim Trail United Kingdom
Giselle,Hubbuck,Female,ghubbuck89@addthis.com,2498723796,24-12-1970,4323 Miller Plaza Australia
Jarred,Pickersgill,Male,jpickersgill8a@themeforest.net,2326929843,01-04-1973,9193 Annamark Park United States
Teresina,Gethouse,Female,tgethouse8b@pinterest.com,6463567493,21-04-1996,09 Chinook Road United States
Ambrosi,Beefon,Female,abeefon8c@usatoday.com,4466689088,07-12-1978,3 Brown Plaza United States
Dolores,Ackerley,Female,dackerley8d@hugedomains.com,2039604878,10-01-1983,02 Alpine Point United States
Llewellyn,Turnbull,Male,lturnbull8e@wufoo.com,3321656770,09-09-1992,935 Knutson Center United States
Aggy,Ridulfo,Female,aridulfo8f@oracle.com,1216501456,26-10-1977,2 Riverside Parkway United States
Nerty,Lampke,Male,nlampke8g@imgur.com,2334861350,19-04-1991,14 Dovetail Place United States
Hanson,Pakeman,Female,hpakeman8h@miitbeian.gov.cn,8563486241,28-03-1991,9 Susan Center United States
Augustina,Herety,Male,aherety8i@gizmodo.com,7987092179,25-03-1981,22 Mosinee Park United Kingdom
Joshuah,Top,Male,jtop8j@twitter.com,3665161972,06-09-1974,0870 Crownhardt Street United States
Tan,Parken,Male,tparken8k@miitbeian.gov.cn,4173125456,20-10-1993,9 Judy Alley United States
Rusty,Hoyle,Male,rhoyle8l@sogou.com,1769495656,03-02-1988,931 Oak Valley Point United States
Anthiathia,Sparke,Female,asparke8m@hibu.com,6396320805,14-06-1973,821 Vernon Hill United States
Gustie,Bennit,Female,gbennit8n@eepurl.com,4463952872,09-04-1986,288 Surrey Plaza United Kingdom
Cy,Nalder,Male,cnalder8o@canalblog.com,6084612277,18-09-1987,62053 Gulseth Circle United Kingdom
Chick,Grzegorecki,Female,cgrzegorecki8p@prlog.org,7022145846,05-07-1988,60509 Carberry Avenue United States
Abby,Beddingham,Male,abeddingham8q@liveinternet.ru,8996170733,24-09-1990,669 Arkansas Street United States
Dotty,Gentzsch,Female,dgentzsch8r@indiatimes.com,4741815379,31-05-1993,778 Forest Dale Center United States
Carmelia,Houchen,Female,chouchen8s@sciencedirect.com,5605360805,09-10-1995,236 David Avenue United States
Rosana,Aysh,Female,raysh8t@google.nl,3184195004,01-01-1987,182 Bartillon Court United States
Wayne,Whines,Female,wwhines8u@cnet.com,5759931589,07-01-1997,02485 Fairview Point United States
Ron,Tibbs,Female,rtibbs8v@ycombinator.com,1703884748,24-07-1992,472 Cody Avenue United States
Stoddard,Basant,Female,sbasant8w@cpanel.net,4764092225,25-04-1986,059 Golf Course Park United States
Eolande,Hayhoe,Female,ehayhoe8x@redcross.org,6131512932,28-03-1994,0 Kinsman Avenue United States
Annie,Farnan,Female,afarnan8y@dot.gov,6481552048,29-12-1978,80 Leroy Street United States
Blancha,Ganley,Male,bganley8z@bbc.co.uk,9555959265,05-07-1997,7 Morning Street United States
Lynda,Roome,Female,lroome90@amazon.co.jp,1366803641,22-09-1979,75251 Shasta Junction United States
Melitta,Bantham,Female,mbantham91@freewebs.com,8893267942,08-09-1996,0019 Steensland Street United States
Stavro,Lindermann,Male,slindermann92@jigsy.com,8407593298,03-04-1997,20402 Forest Run Circle United States
Valentina,Pellington,Male,vpellington93@naver.com,3569996827,22-09-1975,278 Clove Park United States
Alden,Baglow,Female,abaglow94@i2i.jp,2928078034,14-09-1977,5503 1st Point United States
Tandie,Abrey,Female,tabrey95@canalblog.com,3461290013,21-03-1984,901 Continental Hill United States
Analiese,Lemery,Female,alemery96@fc2.com,4462670514,17-12-1981,6 Harbort Way United States
Jaynell,Mawman,Male,jmawman97@plala.or.jp,3348515117,30-11-1981,0105 Iowa Road United States
Farrand,Rames,Female,frames98@virginia.edu,8575866774,30-10-1997,22260 Dunning Circle United States
Eamon,Angood,Female,eangood99@infoseek.co.jp,6676798788,13-11-1995,1 Lien Alley Australia
Patrice,Ibbott,Male,pibbott9a@independent.co.uk,7893482463,20-11-1996,5957 Artisan Alley United States
Godfree,Ivashov,Female,givashov9b@vistaprint.com,3769856235,15-04-1975,87 Monterey Junction United States
Tybie,Frugier,Male,tfrugier9c@moonfruit.com,5835783491,06-12-1978,97369 Del Sol Plaza United States
Marisa,Broomhead,Male,mbroomhead9d@hatena.ne.jp,3381739072,24-04-1994,224 American Ash Drive United States
Wandis,Dresser,Female,wdresser9e@last.fm,8344915500,20-01-1993,1 Muir Pass United States
Jacquelyn,Nijs,Male,jnijs9f@geocities.com,2263249607,28-01-1990,484 Springview Park United States
Geneva,McIlmorow,Male,gmcilmorow9g@ehow.com,5619623571,28-02-1984,8 Di Loreto Alley United States
Genni,Joberne,Female,gjoberne9h@vkontakte.ru,6598884979,28-04-1983,0035 Packers Terrace United States
Lamond,Silley,Male,lsilley9i@nyu.edu,5871035028,14-02-1999,07827 Heath Avenue United States
Neill,Glassman,Female,nglassman9j@alibaba.com,2372182036,10-06-1991,88358 Sauthoff Crossing United States
Brook,Draye,Female,bdraye9k@amazon.de,9754736971,18-08-1981,00 Lindbergh Crossing United States
Bryanty,Jacmard,Male,bjacmard9l@icio.us,8275411204,06-07-1989,7 Dwight Center United States
Harcourt,Bocke,Female,hbocke9m@newyorker.com,6527565808,07-04-1971,1 Utah Trail United States
Gabrila,Geldert,Male,ggeldert9n@amazonaws.com,4082128230,12-10-1996,22 Clyde Gallagher Way United States
Jerrie,Dassindale,Male,jdassindale9o@hugedomains.com,7798700856,26-03-1993,5 Vermont Pass United States
Faythe,Trevithick,Female,ftrevithick9p@rediff.com,4214933813,05-03-1977,8669 Dahle Point United States
Waverly,Chappel,Male,wchappel9q@booking.com,1457786334,29-04-1985,458 Waubesa Center United States
Billy,Cartledge,Male,bcartledge9r@imgur.com,9535218630,04-04-1991,20602 Eagan Center United States
Michaelina,Blitz,Male,mblitz9s@cpanel.net,2295993545,22-06-1992,3407 Donald Point United States
Raine,Eadmead,Female,readmead9t@dailymail.co.uk,8764688445,10-08-1983,1 Merry Trail United States
Leeland,Scroggie,Male,lscroggie9u@qq.com,8537825760,20-08-1980,54019 Clemons Lane United States
Madison,Bendall,Female,mbendall9v@prnewswire.com,8682589608,02-11-1995,89066 Amoth Alley United Kingdom
Barr,Widdowfield,Female,bwiddowfield9w@ycombinator.com,2535223724,27-04-1979,3 Victoria Hill United States
Katharine,Hakes,Male,khakes9x@github.com,5208431105,31-10-1979,25 Rigney Terrace United States
Homerus,Harbertson,Male,hharbertson9y@ox.ac.uk,9167376917,20-08-1992,2 Basil Junction United States
Della,Dinsdale,Male,ddinsdale9z@theatlantic.com,5299200597,01-04-1976,66570 Debs Circle United States
Catlaina,Audrey,Female,caudreya0@discovery.com,6272411031,10-12-1982,9965 Sachs Place United States
Kiley,Sporle,Male,ksporlea1@yahoo.co.jp,5211298501,10-03-1993,6 Graedel Plaza United States
Latia,Hengoed,Female,lhengoeda2@sciencedirect.com,2108381481,22-03-1977,495 Arizona Trail Australia
Kinny,MacAlester,Female,kmacalestera3@dyndns.org,4818289020,08-07-1972,3162 Sunnyside Court United States
Kalle,Radborne,Male,kradbornea4@timesonline.co.uk,3992590746,27-04-1988,236 Luster Plaza United States
Patin,Winsley,Female,pwinsleya5@amazon.de,4178712816,19-01-1972,93 Fulton Point United States
Tommy,Delucia,Male,tdeluciaa6@ucoz.ru,2587626431,31-07-1988,0 Bay Parkway United States
Jerald,Beville,Male,jbevillea7@utexas.edu,4903388142,17-01-1993,94931 Rockefeller Point United States
Talia,Halling,Female,thallinga8@elegantthemes.com,6032257493,06-11-1988,43957 Rieder Park United States
Pietrek,Martland,Female,pmartlanda9@behance.net,9349528606,22-10-1975,7303 Pond Lane United States
Dorrie,Persich,Male,dpersichaa@mayoclinic.com,8836392547,19-11-1997,11 Dawn Avenue United States
Kikelia,Matchitt,Male,kmatchittab@cnet.com,2384249619,31-12-1994,6 Loftsgordon Way United States
Allistir,Nutting,Female,anuttingac@cloudflare.com,8499464766,28-11-1979,088 Melby Terrace United States
Lock,Madrell,Female,lmadrellad@upenn.edu,4103706680,20-08-1990,22099 Sugar Plaza United States
Minni,Abba,Female,mabbaae@washington.edu,6303369450,10-07-1996,33248 Waywood Terrace United Kingdom
Nefen,Colleymore,Female,ncolleymoreaf@reference.com,3767156341,28-08-1979,28 Moulton Place United States
Melloney,Bucklee,Female,mbuckleeag@51.la,7352703643,10-07-1994,3470 Charing Cross Parkway United States
Angelita,Durward,Male,adurwardah@cbsnews.com,7184895362,16-10-1995,61 Hagan Way United States
Malina,Criple,Male,mcripleai@timesonline.co.uk,5023197856,12-02-1974,3812 Mccormick Center United States
Brenda,Hiers,Female,bhiersaj@si.edu,5713279071,18-08-1998,98398 Welch Center United States
Amandy,Medler,Female,amedlerak@reddit.com,7445953790,03-06-1984,3939 Barby Terrace United States
Conway,Clawsley,Female,cclawsleyal@gravatar.com,5886787946,03-11-1985,3150 School Circle United States
Hendrick,Brine,Male,hbrineam@bing.com,1258022183,08-04-1976,0780 Westport Avenue United Kingdom
Adolphe,Duignan,Male,aduignanan@state.gov,8802752250,19-06-1999,658 Holy Cross Crossing United States
Nial,Creane,Female,ncreaneao@apple.com,2178890431,12-05-1990,652 Moulton Terrace United States
Cosimo,Gillson,Female,cgillsonap@cocolog-nifty.com,2924369285,29-04-1983,922 Morning Crossing Australia
Barbee,Eickhoff,Female,beickhoffaq@yellowpages.com,4305655603,26-09-1975,05 1st Plaza United States
Vivyan,Newbury,Male,vnewburyar@ucsd.edu,4844486846,20-01-1972,50347 Ruskin Junction United States
Bank,Lindeman,Female,blindemanas@microsoft.com,1484789880,03-03-1976,71424 Delaware Junction United States
Price,Wisniewski,Female,pwisniewskiat@wisc.edu,7771892600,17-09-1986,364 Homewood Alley United States
Adolphe,Kernar,Female,akernarau@reference.com,2023266991,24-04-1992,033 Susan Road United States
Hermy,Barok,Female,hbarokav@mapy.cz,8445059996,28-12-1973,0 Nova Street United Kingdom
Mickie,Grimme,Male,mgrimmeaw@narod.ru,5692113201,02-04-1970,04 Debs Terrace United States
Cherry,Flooks,Female,cflooksax@imgur.com,6615658265,18-03-1998,8 Sundown Park United Kingdom
Corrie,Lead,Female,cleaday@auda.org.au,6944359584,30-01-1995,60 Hagan Trail United States
Calvin,Lowrance,Male,clowranceaz@squarespace.com,9667683423,09-12-1992,65 Pearson Drive United States
Cesar,Ridsdale,Female,cridsdaleb0@china.com.cn,1082397188,17-02-1973,00561 Esker Court United States
Jemmie,Phonix,Male,jphonixb1@tumblr.com,4529072677,09-05-1988,65 Karstens Circle United States
Sarena,Sebring,Male,ssebringb2@e-recht24.de,7688725412,12-02-1985,8808 Crowley Junction United States
Giulio,Enga,Female,gengab3@wikispaces.com,8733772724,25-10-1993,142 Norway Maple Pass United States
Cloris,Moakes,Female,cmoakesb4@umn.edu,4891720630,15-02-1993,9 Mitchell Drive United States
Nelle,Albutt,Female,nalbuttb5@mayoclinic.com,5221265290,29-12-1999,3483 Packers Park United States
Malinda,Scrowson,Male,mscrowsonb6@behance.net,8269829496,22-06-1984,81987 Columbus Lane United States
Ferdinande,Peto,Male,fpetob7@scribd.com,6825300491,28-07-1989,9 Stang Circle United Kingdom
Etheline,Turl,Male,eturlb8@issuu.com,7833064113,11-02-1992,8 Arizona Hill United States
Alphonse,Newham,Male,anewhamb9@samsung.com,5416045638,20-05-1971,3775 Pleasure Crossing United States
Alina,Balharry,Male,abalharryba@rediff.com,5462903594,17-12-1984,3661 Del Sol Hill United States
Armando,Petasch,Female,apetaschbb@cyberchimps.com,5075057263,28-11-1981,5496 Carey Trail United States
Jannelle,Secombe,Female,jsecombebc@issuu.com,8798163225,14-06-1977,562 Memorial Junction United States
Forester,Cheyne,Female,fcheynebd@un.org,6101472266,06-01-1990,3 Melby Way United States
Sandye,Skains,Male,sskainsbe@sciencedirect.com,7065766698,09-05-1976,02 Pankratz Junction United States
Matthus,Estable,Male,mestablebf@forbes.com,4386004412,09-12-1984,20807 Autumn Leaf Court United States
Ursula,Mewitt,Female,umewittbg@intel.com,1431721833,16-08-1979,5280 Holy Cross Circle United States
Chase,Assante,Male,cassantebh@ftc.gov,9571996722,22-11-1976,3954 Golf Course Alley United Kingdom
Crichton,Haliburton,Female,chaliburtonbi@who.int,5547061368,03-08-1998,456 Sloan Junction United States
Mirabel,Straniero,Female,mstranierobj@buzzfeed.com,7363107922,10-11-1983,142 Thierer Parkway United States
Petunia,Fenech,Female,pfenechbk@is.gd,7679304119,07-12-1970,461 Meadow Ridge Trail United States
Rand,Draye,Male,rdrayebl@archive.org,6521168107,23-11-1976,29875 Briar Crest Pass United States
Shelagh,Hardstaff,Male,shardstaffbm@friendfeed.com,9098168177,12-04-1998,2 Shopko Court United States
Doralyn,Cogin,Female,dcoginbn@mapquest.com,2865770795,20-04-1997,5977 New Castle Place United States
Serge,Baugham,Female,sbaughambo@google.com.au,1198907589,19-07-1988,7 Burning Wood Street United States
Bertie,Haig,Female,bhaigbp@fema.gov,4157205076,20-11-1996,3 Lake View Crossing United States
Simonne,Earney,Female,searneybq@abc.net.au,5731489500,28-03-1990,07565 Glacier Hill Alley United States
Geoffry,Tuckey,Male,gtuckeybr@hc360.com,1887968884,14-11-1987,1 Sachs Alley United States
Kylen,Mettricke,Male,kmettrickebs@qq.com,6913124947,21-10-1972,973 Coleman Drive United States
Duff,Kunkel,Male,dkunkelbt@eepurl.com,6095478155,15-05-1974,4569 Commercial Alley United States
Rebecka,Croydon,Female,rcroydonbu@geocities.jp,6339924575,21-09-1970,77 Rockefeller Parkway United States
Miran,Peace,Female,mpeacebv@si.edu,7122272661,03-09-1984,05147 Katie Terrace United States
Merrel,Neathway,Female,mneathwaybw@amazon.com,2024527655,10-05-1977,933 Hoard Way United States
Jamal,Isaksen,Male,jisaksenbx@cloudflare.com,6806785794,19-10-1995,0570 Arapahoe Terrace United States
Faustina,Nelligan,Male,fnelliganby@amazon.co.jp,3089888711,07-11-1999,3314 Lunder Avenue United States
Aile,Fealey,Male,afealeybz@boston.com,5586835411,26-02-1975,0196 Red Cloud Pass United States
Tabby,Greene,Male,tgreenec0@mit.edu,5152330519,12-08-1977,4 Harper Park United States
Deonne,Dibley,Male,ddibleyc1@opera.com,9156884473,05-12-1983,51 Kim Place United States
Gearalt,Leindecker,Female,gleindeckerc2@omniture.com,2704916560,28-06-1972,9 Bowman Way United States
Queenie,Wellard,Male,qwellardc3@hc360.com,9114767930,18-11-1991,525 Bluestem Pass United States
Trever,Baudrey,Male,tbaudreyc4@fc2.com,5164300884,12-06-1996,52525 Eastlawn Place Australia
Arty,Hattiff,Male,ahattiffc5@mysql.com,8328896179,10-05-1989,2 Debs Park United Kingdom
Judie,Meeke,Male,jmeekec6@pen.io,9684488002,20-10-1983,7 Pierstorff Hill United States
Shurwood,Chrisp,Female,schrispc7@barnesandnoble.com,2037563886,24-04-1984,41655 Logan Road United States
Ramsay,Casillis,Male,rcasillisc8@ustream.tv,2019868606,22-07-1973,084 Memorial Parkway United States
Fredric,Fackrell,Female,ffackrellc9@mit.edu,7003278253,10-11-1981,07 Dennis Hill United States
Carleton,Lesly,Male,cleslyca@imageshack.us,6232762036,03-04-1970,7138 Kings Park United States
Marietta,Binion,Female,mbinioncb@mashable.com,7485843190,06-08-1973,78 Lighthouse Bay Center United States
Johann,Masseo,Male,jmasseocc@oakley.com,1399614727,23-01-1984,08 Sundown Drive United States
Phelia,Larkcum,Female,plarkcumcd@independent.co.uk,1237086234,17-01-1991,79 Melvin Alley United Kingdom
Skylar,Beddoes,Female,sbeddoesce@cnet.com,9589205270,02-07-1996,0672 Jackson Place United States
Letizia,Skeats,Female,lskeatscf@artisteer.com,7194479590,09-02-1972,7132 Alpine Parkway United Kingdom
Rooney,Stout,Female,rstoutcg@webmd.com,6306511133,13-02-1984,89758 Marcy Circle United States
Willyt,Morena,Male,wmorenach@e-recht24.de,3036995881,04-03-1970,2 Dwight Point United States
Dalton,McCully,Male,dmccullyci@edublogs.org,6573952166,18-09-1974,69 Sunbrook Street United States
Kizzee,Thurley,Male,kthurleycj@vinaora.com,7053382043,04-01-1971,93 Sundown Court United States
Lotti,Bridger,Female,lbridgerck@apache.org,8684342974,01-12-1999,46306 Loftsgordon Junction United States
Maxi,Roze,Female,mrozecl@ebay.com,2154839846,07-09-1982,45661 Debs Terrace United States
Sharlene,Ofer,Male,sofercm@sourceforge.net,5689648569,27-06-1987,3 Sunfield Terrace United States
Zacharie,Cove,Female,zcovecn@slideshare.net,9429757126,05-09-1992,6834 Declaration Hill United States
Alaric,Bagge,Male,abaggeco@disqus.com,5526597310,10-10-1979,7 Valley Edge Crossing United States
Amalie,Schuricke,Female,aschurickecp@disqus.com,1051463532,09-12-1988,8167 Jenna Court United Kingdom
Elvina,Benedek,Male,ebenedekcq@mapquest.com,2176259249,16-10-1988,1978 Columbus Drive United States
Traci,Gosdin,Male,tgosdincr@dedecms.com,4439374213,03-01-1994,4160 Sauthoff Park Australia
Tibold,Levesque,Female,tlevesquecs@netscape.com,4486249661,25-12-1995,28 Grayhawk Park United States
Cathryn,O'Loughnan,Female,coloughnanct@bloglovin.com,3682580462,18-05-1975,98086 Sachtjen Circle United States
Tova,Sheringham,Male,tsheringhamcu@baidu.com,4418896861,14-07-1985,9 Brickson Park Park United States
Kassia,McCourt,Male,kmccourtcv@phoca.cz,2739541988,30-11-1984,80081 Lindbergh Plaza United States
Coralyn,Larrington,Female,clarringtoncw@wikispaces.com,3703769198,26-09-1970,3374 Shasta Junction United States
Karlis,Phython,Male,kphythoncx@123-reg.co.uk,9666180929,23-07-1991,88 Ramsey Lane United Kingdom
Nahum,Beine,Male,nbeinecy@latimes.com,2693598973,20-01-1974,22 Waubesa Way United States
Taryn,Wickardt,Female,twickardtcz@over-blog.com,6484420548,02-03-1994,395 Meadow Valley Way United States
Taddeusz,Tomkiss,Female,ttomkissd0@umn.edu,9302336454,05-12-1986,7764 Gulseth Trail United States
Cheston,Seares,Female,csearesd1@va.gov,8786283775,09-06-1997,69562 Monterey Drive United States
Zelda,Bulbrook,Female,zbulbrookd2@huffingtonpost.com,8127900723,16-12-1996,66554 Emmet Street United States
Ragnar,Antoszewski,Male,rantoszewskid3@wikispaces.com,6635311553,20-08-1985,158 Katie Way United States
Dorelia,McIlwraith,Male,dmcilwraithd4@sphinn.com,9694091599,05-10-1971,82285 Hudson Avenue United Kingdom
Corey,Cosstick,Male,ccosstickd5@studiopress.com,4217159788,20-06-1971,3954 Havey Parkway United Kingdom
Haroun,Lamey,Female,hlameyd6@mayoclinic.com,6863969187,07-08-1998,4068 Autumn Leaf Alley United States
Steffane,Mesnard,Male,smesnardd7@cnet.com,7395319358,02-06-1988,983 Lyons Way United Kingdom
Antonia,Varran,Male,avarrand8@home.pl,8933421776,28-03-1983,002 Kensington Street United States
Cate,Vaneschi,Male,cvaneschid9@tinypic.com,5601195538,02-09-1975,2185 Clemons Avenue United States
Caron,Hold,Female,choldda@adobe.com,8195389770,16-07-1982,85 Shopko Junction United States
Ignatius,Wane,Male,iwanedb@cdbaby.com,2445552395,12-02-1977,29866 Hoard Hill United States
Ellsworth,O'Brogane,Male,eobroganedc@ucla.edu,9469888707,10-01-1977,75921 Petterle Plaza United Kingdom
Jamie,Sandeland,Male,jsandelanddd@techcrunch.com,9436912554,16-10-1971,0 Fair Oaks Junction United States
Tim,Grimbleby,Male,tgrimblebyde@gravatar.com,5602659270,03-08-1978,77 Dwight Pass United States
Saudra,Reeveley,Female,sreeveleydf@list-manage.com,1278366957,03-07-1978,2629 Eagan Trail United States
Mureil,Corbitt,Female,mcorbittdg@tamu.edu,3188646869,06-06-1976,5600 Carpenter Hill United States
Myrah,Linner,Male,mlinnerdh@japanpost.jp,3759983331,14-09-1985,059 Jenna Way United States
Aurthur,Teare,Female,atearedi@fotki.com,4238780909,22-04-1987,691 David Circle United States
Dom,Vivians,Male,dviviansdj@theguardian.com,9592961421,02-05-1978,89 Old Gate Park United States
Lura,Cookson,Female,lcooksondk@ucoz.com,9551369266,15-04-1981,12 Dunning Way United States
Charles,Sakins,Male,csakinsdl@com.com,2835124964,27-01-1996,74813 Superior Park United States
Carny,Storrock,Female,cstorrockdm@odnoklassniki.ru,6458415859,10-02-1970,3800 Porter Terrace United States
Abbie,Chaudhry,Male,achaudhrydn@wikia.com,9587253727,06-10-1973,57 Kipling Plaza United States
Guss,Pattillo,Female,gpattillodo@instagram.com,3237271497,27-02-1970,37445 Rieder Terrace United States
Franz,Itzchaki,Female,fitzchakidp@issuu.com,6155177039,12-06-1985,9 Westport Drive United Kingdom
Benny,Rowntree,Female,browntreedq@jalbum.net,9682676586,15-07-1980,7 Bartelt Court United States
Harrietta,Di Domenico,Female,hdidomenicodr@linkedin.com,2461982091,13-05-1989,81458 Graceland Way United States
Hildy,Jenner,Male,hjennerds@ebay.com,3146629309,10-06-1970,3864 Katie Avenue United States
Rois,Face,Female,rfacedt@example.com,5707113043,22-10-1975,074 Autumn Leaf Avenue United States
Vaclav,Roust,Female,vroustdu@live.com,2113859026,04-09-1992,4 Sugar Lane United States
Brenda,Gyurkovics,Female,bgyurkovicsdv@booking.com,7105394478,05-04-1974,5811 Meadow Vale Terrace United States
Winthrop,Moon,Male,wmoondw@163.com,1274517619,13-07-1978,99 Del Sol Center United States
Diandra,Petrakov,Male,dpetrakovdx@walmart.com,3642102348,05-06-1970,64150 South Road United Kingdom
Aldric,Bickerstaff,Female,abickerstaffdy@last.fm,4621104157,03-06-1983,4139 Heffernan Trail United States
Elvira,Tenpenny,Female,etenpennydz@etsy.com,8679712866,13-07-1997,18797 Surrey Terrace United States
Baird,Poulney,Female,bpoulneye0@va.gov,5337252251,11-12-1977,4 Graedel Place United States
Fredelia,Boick,Male,fboicke1@reverbnation.com,7582422536,04-01-1990,865 Bayside Park United Kingdom
Burgess,Wigley,Female,bwigleye2@ifeng.com,5206695717,24-06-1999,06865 Tomscot Court United States
Alvie,Hartop,Male,ahartope3@seattletimes.com,6988024290,18-09-1995,7 Blackbird Road United States
Wallas,Darinton,Male,wdarintone4@behance.net,7852954050,09-06-1982,5 Vidon Street United States
Alayne,Hobbema,Female,ahobbemae5@usnews.com,1276180586,02-03-1989,51 Acker Way United States
Gustave,Claybourne,Male,gclaybournee6@aol.com,6643176655,04-02-1974,87144 Waywood Pass United States
Gigi,Sarfati,Male,gsarfatie7@reference.com,8475091720,30-06-1976,10 Fairfield Crossing United States
Syman,Athow,Female,sathowe8@bloglines.com,1783393920,25-12-1996,5 Oriole Alley United States
Zarla,Walkington,Female,zwalkingtone9@examiner.com,6105252350,27-05-1984,8583 Morning Park United Kingdom
Staffard,Tremethack,Male,stremethackea@statcounter.com,1869154227,17-03-1991,37 Carpenter Way United States
Randie,Stegel,Male,rstegeleb@discuz.net,8023927984,14-10-1996,2 Shopko Point United Kingdom
Edithe,Haydon,Male,ehaydonec@paginegialle.it,8714433502,01-04-1990,236 Packers Pass United States
Lezley,Hainsworth,Male,lhainsworthed@webeden.co.uk,9496291186,08-08-1973,1 Elmside Way United States
Casper,Medling,Male,cmedlingee@un.org,6578956569,24-07-1995,4 Hudson Street United States
Erny,Goadsby,Male,egoadsbyef@dagondesign.com,6006483342,07-12-1992,5182 Kensington Pass United States
Randy,Sitwell,Female,rsitwelleg@hud.gov,6966834696,31-07-1981,1 Declaration Park United States
Blair,Grzegorecki,Male,bgrzegoreckieh@skype.com,2979459373,23-10-1994,85381 Hayes Crossing United States
Zita,Iwanczyk,Male,ziwanczykei@blogspot.com,6052027213,14-07-1985,31041 Main Avenue United States
Ebenezer,Lynch,Female,elynchej@yale.edu,8639384120,05-08-1972,00352 Sutherland Junction United States
Avram,Opie,Male,aopieek@tamu.edu,2379257367,13-07-1999,71 Hovde Road United States
Quentin,Jolin,Female,qjolinel@google.it,8872069276,04-11-1974,62 Tomscot Drive United States
Marylee,Ceillier,Female,mceillierem@moonfruit.com,6773997638,25-03-1995,9 Carioca Street United States
Paxon,Burndred,Female,pburndreden@ucsd.edu,3365791649,01-02-1984,91 Comanche Trail United States
Romy,Bianco,Male,rbiancoeo@businessinsider.com,9907273524,10-09-1991,7 Loomis Alley Australia
Ignacio,Averies,Female,iaveriesep@themeforest.net,3711702710,03-10-1974,3652 Manley Terrace United States
Sibel,Emmines,Female,semmineseq@theatlantic.com,7636173334,27-03-1990,3 Prentice Alley United States
Annnora,Stiell,Female,astieller@umich.edu,4895960497,22-09-1982,73 Fallview Parkway United States
Minor,Totterdell,Female,mtotterdelles@cpanel.net,2614715146,09-03-1972,73 Fieldstone Parkway United States
Malanie,Crinkley,Female,mcrinkleyet@last.fm,8518002307,30-03-1974,524 Arkansas Street United States
Tonnie,Brant,Male,tbranteu@shinystat.com,5725464849,13-06-1977,1 Briar Crest Pass United States
Sherwynd,Chiverton,Female,schivertonev@sciencedaily.com,4353712049,20-05-1979,0086 Elgar Drive United States
Esmaria,Todeo,Male,etodeoew@salon.com,1097307458,30-03-1977,0123 Lakeland Place United States
Pam,Nimmo,Male,pnimmoex@deliciousdays.com,7465660746,18-07-1971,6144 Meadow Vale Road United States
Marilee,Francais,Female,mfrancaisey@furl.net,8065372262,14-11-1998,41 Lawn Avenue United States
Estel,Sapena,Female,esapenaez@multiply.com,5983212693,07-07-1982,54 Browning Pass United States
Aloysia,Verryan,Male,averryanf0@baidu.com,2392140923,04-08-1984,2 Sutherland Lane United States
Ynes,Andrieu,Male,yandrieuf1@free.fr,6649158634,09-07-1975,8 Sunnyside Junction United States
Vyky,Hurdiss,Female,vhurdissf2@shinystat.com,8822311995,24-11-1977,092 Hayes Drive United States
Eb,Scurry,Female,escurryf3@dedecms.com,6804364383,04-05-1979,4824 Troy Way United States
Emile,Fumagallo,Female,efumagallof4@springer.com,6397250878,17-06-1976,931 Valley Edge Road Australia
Ysabel,Szymon,Female,yszymonf5@berkeley.edu,2644380761,10-07-1971,3 Mendota Parkway United States
Spence,Hulle,Female,shullef6@ihg.com,3553736312,26-02-1997,442 Washington Plaza United States
Alayne,Melladew,Female,amelladewf7@upenn.edu,2561832465,19-01-1993,3992 Toban Drive United States
Cherie,Olive,Female,colivef8@parallels.com,1071550911,10-08-1996,9 Loftsgordon Court United States
Shadow,Cutmere,Female,scutmeref9@google.it,4158128391,26-02-1987,2199 Huxley Center United States
Chiarra,Maultby,Female,cmaultbyfa@si.edu,8716304873,20-03-1978,8 Amoth Parkway Australia
Marguerite,Grinyakin,Female,mgrinyakinfb@reddit.com,8564117071,22-11-1970,1812 Butternut Road United States
Aridatha,Sainsbury-Brown,Female,asainsburybrownfc@trellian.com,5578183957,07-07-1979,1285 Riverside Crossing United States
Aurelie,Newcomb,Male,anewcombfd@i2i.jp,9685648823,24-10-1971,926 South Park United States
Theo,Klauer,Female,tklauerfe@ca.gov,6933716552,09-04-1992,8 Iowa Circle United States
Emlynne,Ruberti,Female,erubertiff@paginegialle.it,9026507519,16-11-1977,05 Annamark Trail United Kingdom
Celka,Duester,Male,cduesterfg@jimdo.com,9575029028,29-05-1980,968 Rusk Street United States
Antin,Baldazzi,Male,abaldazzifh@dagondesign.com,7794307197,03-11-1984,7321 Stone Corner Drive United States
Dorise,Hubbock,Male,dhubbockfi@woothemes.com,5851850089,04-12-1984,9 Oak Valley Terrace United States
Tomasine,Withinshaw,Female,twithinshawfj@answers.com,1356103193,27-12-1979,49249 Milwaukee Lane United States
Meryl,Vinter,Female,mvinterfk@zdnet.com,4762514221,07-02-1973,322 Hanover Avenue United States
Mireille,Yukhnov,Female,myukhnovfl@networksolutions.com,8224956711,04-12-1973,6 Rutledge Point United States
Rob,McQuarrie,Male,rmcquarriefm@wiley.com,6295930989,10-10-1993,15 Nova Point United States
Jenna,Biaggiotti,Male,jbiaggiottifn@stanford.edu,6491037267,14-05-1991,56849 American Ash Trail United States
Alexei,Charke,Female,acharkefo@ning.com,5611365803,10-07-1977,596 Fordem Parkway Australia
Nikola,Pymm,Female,npymmfp@instagram.com,2582981021,20-06-1994,6107 Welch Trail United States
Ophelia,Doudny,Male,odoudnyfq@aboutads.info,3983275192,02-12-1979,45923 Hollow Ridge Court United States
Son,Novotni,Female,snovotnifr@shop-pro.jp,1817461348,09-09-1999,5 Linden Center United States
Lindi,Confort,Male,lconfortfs@fc2.com,7131873496,12-10-1975,86 Clemons Hill United States
Marthe,Ghione,Male,mghioneft@nymag.com,4667999409,31-08-1970,547 Dahle Circle United States
Siward,Manifield,Male,smanifieldfu@hp.com,7635828491,09-04-1984,21577 Tony Park United States
Bree,Cardinal,Male,bcardinalfv@diigo.com,8449068502,25-07-1981,80985 Kingsford Junction United States
Morgun,Triplet,Male,mtripletfw@w3.org,7459278968,22-05-1998,5 Jana Circle United States
Donica,Ericssen,Female,dericssenfx@icq.com,1183057636,09-08-1983,3314 Nancy Place United States
Adolphe,Pedlar,Female,apedlarfy@upenn.edu,1159469530,24-07-1984,22 Aberg Court United States
Porter,Kaplan,Female,pkaplanfz@shareasale.com,2142480866,07-03-1983,0 Texas Hill United States
Rosalyn,Fettes,Female,rfettesg0@wunderground.com,3226807099,15-04-1982,917 Pleasure Street United States
Louisa,Schaffler,Male,lschafflerg1@cmu.edu,9511082721,20-12-1970,2003 Vernon Avenue United States
Katrina,Nyles,Female,knylesg2@google.com.hk,3315689323,11-07-1993,0100 Hooker Crossing United States
Mortie,Derrett,Male,mderrettg3@latimes.com,7269046274,24-03-1982,29641 Jenna Plaza United States
Rosy,O' Mullane,Male,romullaneg4@ucoz.com,1886298646,12-02-1980,37176 Valley Edge Street United States
Rutter,McCurrie,Female,rmccurrieg5@msn.com,2148416464,09-04-1983,5075 Summerview Hill United States
Ryan,Gligorijevic,Male,rgligorijevicg6@opensource.org,5639842837,03-04-1989,16 Vera Hill United Kingdom
Josephine,Janicki,Male,jjanickig7@umich.edu,1582738637,19-09-1976,16 Hagan Circle United States
Corty,Rands,Female,crandsg8@paginegialle.it,5272162434,04-10-1971,1 Redwing Junction United Kingdom
Sumner,Harkins,Female,sharkinsg9@cam.ac.uk,2318825127,10-11-1977,9 Cardinal Drive United States
Kynthia,Clynter,Female,kclynterga@ibm.com,6635111168,22-10-1985,113 Onsgard Pass United States
Feliks,Queyos,Female,fqueyosgb@so-net.ne.jp,7797678209,14-11-1991,43 Heath Drive United States
Chrotoem,Jacquemot,Male,cjacquemotgc@topsy.com,9617943720,01-02-1990,33359 Sage Place United States
Durant,Darville,Male,ddarvillegd@webeden.co.uk,5168715204,11-02-1998,1 Northwestern Street United States
Bertie,Cazin,Female,bcazinge@behance.net,3508777278,08-10-1990,0664 Calypso Hill United Kingdom
Hobard,Sugge,Female,hsuggegf@arstechnica.com,6957582639,12-06-1990,43 Hauk Trail United States
Darcee,Pyson,Female,dpysongg@earthlink.net,3111228215,09-04-1980,055 Nancy Pass United States
Sonja,Harbord,Female,sharbordgh@gnu.org,3173036753,20-12-1994,75 Anzinger Court United States
Orv,Sinclar,Male,osinclargi@eventbrite.com,9672500546,21-02-1987,2860 Kenwood Drive United States
Brigitte,Neeve,Female,bneevegj@xrea.com,9154376941,23-06-1976,4114 Debs Alley United States
Tildy,Moncrieffe,Female,tmoncrieffegk@imdb.com,9761502672,23-10-1971,84 Crest Line Court United States
Clara,Sparshott,Male,csparshottgl@tamu.edu,5161085407,30-04-1989,7 Charing Cross Park United States
Annadiane,Wearing,Female,awearinggm@ebay.co.uk,1143790007,23-04-1972,5980 Lakewood Gardens Parkway United States
Mischa,Swane,Male,mswanegn@example.com,6408504970,26-12-1977,79 Towne Circle United States
Adolpho,Dilland,Female,adillandgo@nifty.com,5156187055,19-07-1980,6738 Moland Way United States
Mollie,Tinghill,Female,mtinghillgp@ebay.co.uk,5887513459,17-08-1993,542 Northridge Center United States
Chaunce,Geraudel,Male,cgeraudelgq@rambler.ru,6445526925,12-12-1983,793 Westend Crossing United States
Cecilio,Matzaitis,Male,cmatzaitisgr@shareasale.com,9294191297,16-10-1983,79 Golf View Center United States
Tamma,Beelby,Female,tbeelbygs@php.net,5478209985,04-08-1995,23153 Chive Drive United States
Alberta,Rolingson,Female,arolingsongt@chronoengine.com,6148403018,22-08-1990,41 Riverside Lane United States
Adriana,Bellee,Female,abelleegu@ucoz.ru,9998618837,16-05-1984,5854 Gateway Crossing United Kingdom
Wallie,Scholard,Female,wscholardgv@biglobe.ne.jp,8746242384,01-05-1997,4 Rutledge Center United States
Charis,Gratrix,Male,cgratrixgw@stumbleupon.com,5672437397,07-08-1970,9308 Becker Court United States
Jayne,Silbersak,Female,jsilbersakgx@wordpress.org,9679467400,17-02-1983,8 Pierstorff Court United States
Sigrid,Sneezum,Male,ssneezumgy@is.gd,2938961663,15-05-1994,1 Prairie Rose Road United States
Ad,Newhouse,Female,anewhousegz@topsy.com,6002532162,11-04-1972,8305 Muir Pass United Kingdom
Valerye,Leverington,Male,vleveringtonh0@sourceforge.net,7645883087,28-05-1984,7026 Sachs Terrace United States
Haywood,Bartels-Ellis,Female,hbartelsellish1@usa.gov,7817853690,30-03-1971,09 Ilene Road United States
Lowe,Auchterlony,Male,lauchterlonyh2@craigslist.org,5634125981,23-04-1986,3377 Bunker Hill Circle United States
Janenna,Pesterfield,Female,jpesterfieldh3@slashdot.org,5506784294,22-11-1985,84236 Erie Plaza United States
Ewell,Baffin,Male,ebaffinh4@example.com,8128197439,10-09-1970,77088 Prairie Rose Pass United States
Rawley,Kegg,Female,rkeggh5@amazon.de,6441298156,02-05-1993,77202 Green Ridge Hill United States
Annnora,Barus,Female,abarush6@umich.edu,5056879555,07-03-1972,2095 Sherman Circle United States
Danya,Gourley,Male,dgourleyh7@simplemachines.org,8982235635,21-02-1972,99767 Kingsford Avenue United States
Annemarie,Matussow,Female,amatussowh8@nba.com,4667892161,26-09-1991,50921 Glendale Court United States
Maria,Dickie,Male,mdickieh9@nps.gov,4833226394,30-05-1981,483 Ruskin Trail United States
Chelsea,Ranald,Female,cranaldha@intel.com,1776670161,14-03-1987,12 Norway Maple Plaza United States
Retha,Jacob,Male,rjacobhb@businessweek.com,5416784981,18-10-1974,3451 Scoville Trail United States
Irene,Douch,Female,idouchhc@cnet.com,9532219791,17-05-1987,14149 Fallview Street United Kingdom
Morgun,Fanner,Female,mfannerhd@homestead.com,9038825198,19-12-1999,14529 Ohio Circle United States
Denys,Snaith,Female,dsnaithhe@comsenz.com,2497032710,02-07-1993,651 Mcbride Alley United States
Vikky,Wrates,Female,vwrateshf@goo.gl,8204518090,25-03-1989,24 East Terrace Australia
Berthe,Florez,Male,bflorezhg@nationalgeographic.com,6617765561,11-10-1999,3373 Monica Center United States
Flo,Fearnehough,Male,ffearnehoughhh@sogou.com,1221990253,24-03-1997,018 Wayridge Parkway United States
Brandyn,Harriskine,Female,bharriskinehi@stumbleupon.com,8619232909,21-07-1991,4 International Parkway United Kingdom
Chancey,Korneluk,Female,ckornelukhj@latimes.com,3901954072,05-09-1996,94073 Forest Run Crossing United States
Ethe,Bywaters,Male,ebywatershk@chicagotribune.com,7682691657,21-01-1973,9 Eagan Street United States
Mitch,Bowle,Male,mbowlehl@google.de,5389466139,12-11-1996,61 Lighthouse Bay Point United States
Duffy,Pollack,Female,dpollackhm@stumbleupon.com,4292605216,18-02-1973,099 Dottie Circle United States
Artemus,Nancekivell,Male,anancekivellhn@quantcast.com,9707133317,29-06-1982,88211 Merchant Junction United States
Jack,Lyptrade,Female,jlyptradeho@so-net.ne.jp,3731172259,01-06-1995,00162 Sloan Parkway Australia
Quincey,Goulborne,Male,qgoulbornehp@acquirethisname.com,8059950627,01-12-1983,14621 Annamark Way United Kingdom
Kelcie,Krzyzaniak,Female,kkrzyzaniakhq@liveinternet.ru,9528975868,19-07-1989,3112 Kropf Street United States
Ailsun,MacNucator,Female,amacnucatorhr@phpbb.com,2116387785,21-09-1989,526 Hoard Pass United States
Anthony,Culver,Female,aculverhs@plala.or.jp,5674784673,03-03-1971,3 Harbort Circle United States
Lindy,Johansen,Male,ljohansenht@wikipedia.org,2883746595,07-02-1993,20572 Dexter Plaza United States
Bryn,Runcieman,Female,brunciemanhu@theatlantic.com,5029218699,08-03-1976,3 Declaration Pass United States
Brnaba,Friedlos,Male,bfriedloshv@ezinearticles.com,6118147697,02-04-1974,30 Chive Point United States
Mortie,Riddel,Female,mriddelhw@unesco.org,7683167521,28-07-1991,013 Namekagon Center United States
Chantalle,Millership,Male,cmillershiphx@home.pl,9746905459,30-04-1985,3 Oneill Place United States
Cherry,Gavaran,Male,cgavaranhy@vkontakte.ru,6035006231,06-10-1996,7 Bartelt Way United States
Emylee,Rotte,Female,erottehz@booking.com,8457333104,06-02-1982,66272 Knutson Road United States
Lucy,Penzer,Male,lpenzeri0@ocn.ne.jp,7124794288,24-04-1981,2 Westridge Circle United States
Toni,Batty,Male,tbattyi1@prnewswire.com,3645824203,16-05-1988,5 Golf Course Point United States
Lark,Schoenrock,Female,lschoenrocki2@ebay.com,7913780021,07-05-1998,707 Fordem Junction Australia
Druci,Kidstoun,Male,dkidstouni3@opera.com,8129219995,17-03-1976,2971 Dapin Terrace United States
Ange,Ewells,Male,aewellsi4@cdc.gov,8989492474,25-05-1995,33797 Walton Parkway United States
Ardelle,Teece,Male,ateecei5@xinhuanet.com,3667841591,06-02-1981,7522 Jana Circle United States
Adah,Jalland,Female,ajallandi6@quantcast.com,3965604069,30-06-1992,9634 Buell Court United States
Dolorita,Ackred,Female,dackredi7@last.fm,3633833961,04-05-1989,867 Orin Place United States
Aland,Mountcastle,Female,amountcastlei8@answers.com,7997602595,16-01-1979,038 Meadow Valley Court United States
Jarret,Reedie,Male,jreediei9@ezinearticles.com,5357982816,19-03-1993,8 Longview Terrace United States
Ortensia,McIvor,Female,omcivoria@drupal.org,2438760899,22-02-1974,13 Hauk Avenue United Kingdom
Kelsy,Bulled,Female,kbulledib@prweb.com,3833791929,23-07-1974,2 Knutson Avenue United Kingdom
Shane,Delouch,Female,sdelouchic@dmoz.org,9334799677,22-08-1993,8116 Ohio Drive United States
Maisie,Lockhart,Female,mlockhartid@pen.io,2055918444,23-11-1987,90471 Vahlen Point United States
Delaney,Culbard,Female,dculbardie@nature.com,5598448640,01-03-1985,223 Gulseth Parkway United States
Alon,Senecaut,Female,asenecautif@barnesandnoble.com,7348576302,27-03-1991,25 Nova Court United States
Nicolis,Emps,Male,nempsig@godaddy.com,8976602241,07-12-1970,371 Pepper Wood Circle United States
Elmore,Noden,Male,enodenih@nps.gov,7071333905,25-07-1991,5 Loomis Circle United States
Jody,Allard,Female,jallardii@auda.org.au,7923201050,28-12-1975,2231 Gateway Way United States
Jacquette,De Filippi,Male,jdefilippiij@ft.com,8272026079,28-09-1972,8 Elgar Circle United States
Paula,Mairs,Female,pmairsik@amazon.com,3797135324,11-06-1980,793 Gale Terrace United States
Ricky,Hanwright,Female,rhanwrightil@hostgator.com,6399760974,02-05-1993,1 Debs Hill United States
Annemarie,Viollet,Male,aviolletim@sun.com,1197383301,02-08-1998,5180 Browning Park United States
Aggie,Espinoy,Female,aespinoyin@deviantart.com,1858428256,24-03-1983,1 Bartelt Point United States
Adolph,Mignot,Male,amignotio@sogou.com,9137910086,11-05-1985,20 Veith Lane United States
Giovanni,Datte,Female,gdatteip@howstuffworks.com,9959128313,15-12-1971,3 Logan Court United States
Jermayne,Ellse,Male,jellseiq@hp.com,5923583441,21-08-1978,422 Crescent Oaks Road United States
Artur,Cattle,Female,acattleir@thetimes.co.uk,1028956616,24-04-1974,21 Arapahoe Alley United States
Lorrie,Scotter,Male,lscotteris@ca.gov,4112342788,18-10-1986,8 Milwaukee Point United States
Selby,St. Clair,Male,sstclairit@mapquest.com,4722516691,28-02-1984,595 Graedel Pass United States
Nicole,Lattey,Male,nlatteyiu@wunderground.com,6057314289,22-12-1974,88733 Fulton Place United States
Maddy,Zaple,Male,mzapleiv@abc.net.au,7505489974,14-08-1987,220 Talisman Plaza United States
Teodora,Claisse,Female,tclaisseiw@mapy.cz,2019140893,25-12-1996,00817 Dryden Park United States
Kale,Dibson,Female,kdibsonix@mozilla.org,4396711609,24-08-1972,25245 Elmside Road United States
Giacomo,Wildblood,Female,gwildbloodiy@elegantthemes.com,7062370175,17-08-1994,212 Schmedeman Terrace United States
Gilligan,Tesmond,Male,gtesmondiz@disqus.com,3639908119,13-04-1972,1 Prairieview Point United States
Seamus,Eveleigh,Female,seveleighj0@photobucket.com,6165117681,27-02-1990,327 Stoughton Lane United States
Piggy,McCritchie,Male,pmccritchiej1@shareasale.com,1776818440,01-03-1982,51 Ridge Oak Terrace United States
Brock,Jarrell,Male,bjarrellj2@booking.com,3926184838,03-01-1974,78975 Glendale Trail United States
Arleen,Dymoke,Male,adymokej3@seesaa.net,4787120911,19-06-1982,5 Shopko Circle United States
Ryan,Dowty,Male,rdowtyj4@nasa.gov,7725532572,11-07-1989,4623 Superior Terrace United States
Bailie,Stickins,Male,bstickinsj5@marriott.com,6225445494,16-09-1999,6724 Utah Park United States
Candy,Kopfen,Female,ckopfenj6@slashdot.org,3745542917,25-10-1985,5655 Melvin Plaza United States
Suellen,Tatlowe,Male,statlowej7@biglobe.ne.jp,2822291018,24-11-1977,06478 Jenna Plaza United States
Trixie,Sybbe,Female,tsybbej8@theguardian.com,3511330069,05-11-1988,749 Donald Park United States
Isabella,Millbank,Male,imillbankj9@naver.com,2905832317,21-01-1978,355 Southridge Center United States
Arabelle,Seal,Female,asealja@foxnews.com,1417218587,24-12-1996,048 Warner Point United States
Aylmar,Svanetti,Male,asvanettijb@com.com,5958909382,07-05-1989,5867 Mallard Park United States
Randolph,Jude,Male,rjudejc@desdev.cn,8997596143,18-09-1973,70711 Eggendart Trail United States
Amos,Oxherd,Male,aoxherdjd@altervista.org,9655132220,18-09-1983,19791 Kensington Road United States
Clywd,Levison,Male,clevisonje@census.gov,7401690635,24-07-1996,792 Dottie Street United States
Dukie,Trask,Male,dtraskjf@berkeley.edu,5387288553,04-02-1983,49 Debra Plaza United States
Peyton,Melbourn,Male,pmelbournjg@xrea.com,6385077909,14-01-1971,1122 Bluejay Court United States
Kendre,Strafford,Male,kstraffordjh@myspace.com,4262618242,20-06-1991,066 Autumn Leaf Lane United States
Lay,Quinane,Male,lquinaneji@paginegialle.it,1742214825,11-10-1981,71642 Helena Pass United States
Nickolaus,Dmitrievski,Female,ndmitrievskijj@eventbrite.com,7989685481,02-03-1988,37 Judy Alley United States
Dew,Braunle,Male,dbraunlejk@washingtonpost.com,2281562209,13-10-1976,0 Sundown Parkway Australia
Aldon,Khilkov,Male,akhilkovjl@wisc.edu,8194612897,13-05-1983,995 Miller Pass United States
Horatio,Mannie,Female,hmanniejm@wiley.com,4952317581,09-02-1989,54221 Bultman Road United States
Claudelle,Shearme,Male,cshearmejn@cam.ac.uk,3153741064,31-05-1997,114 Morrow Place United States
Hadlee,Randall,Female,hrandalljo@intel.com,5925115160,23-07-1996,3 Merchant Drive United States
Veronika,Busek,Male,vbusekjp@alexa.com,7741821208,02-07-1985,56788 Memorial Lane United States
Jaquelyn,Dormand,Female,jdormandjq@nytimes.com,8842124904,17-08-1995,50 Fieldstone Circle United States
Virgil,Bagot,Male,vbagotjr@devhub.com,9815571239,26-06-1978,4 West Junction United States
Sutton,Malby,Male,smalbyjs@de.vu,2048541537,23-03-1987,4318 Ridgeway Plaza United States
Nelle,Conechie,Female,nconechiejt@com.com,5438006020,30-06-1972,7785 Myrtle Center United States
Rozina,Hummerston,Female,rhummerstonju@telegraph.co.uk,2223480390,25-09-1991,8 Maryland Pass United States
Farrel,Calam,Female,fcalamjv@scientificamerican.com,7829604712,26-07-1997,280 Monument Point United States
Rupert,Dumblton,Female,rdumbltonjw@pinterest.com,3428107678,15-06-1976,26 Talisman Trail United States
Sher,Ballinghall,Female,sballinghalljx@surveymonkey.com,5574626233,09-05-1973,19 Dahle Court United States
Lukas,Clemo,Female,lclemojy@flavors.me,2522274253,09-07-1999,060 Lien Parkway United States
Fayina,Mahady,Male,fmahadyjz@bloglines.com,9586117696,05-10-1989,93231 Crownhardt Avenue United States
Nora,Kuhwald,Female,nkuhwaldk0@aol.com,1635480838,30-03-1976,65047 Charing Cross Park United States
Valry,Riccardi,Male,vriccardik1@microsoft.com,7502401529,29-08-1970,00 Messerschmidt Park United States
Elmo,Shout,Male,eshoutk2@reference.com,7026831432,16-07-1983,89638 Farmco Circle United States
Mitzi,Whapham,Female,mwhaphamk3@g.co,9148616194,09-10-1994,82 Drewry Circle United States
Rufus,Philippe,Female,rphilippek4@lycos.com,3285840741,16-04-1988,37398 Ludington Drive United States
Christoffer,Natalie,Male,cnataliek5@blogger.com,9087976864,25-05-1993,6 Barnett Point United States
Sarah,Clashe,Female,sclashek6@whitehouse.gov,6164641748,15-12-1987,4 Moulton Street United States
Binny,Attewell,Male,battewellk7@cnn.com,4464463169,15-10-1998,79637 Pawling Point United States
Randall,Jagels,Female,rjagelsk8@sourceforge.net,8941276775,14-03-1992,42781 Scoville Point United States
Kinnie,Vlasov,Female,kvlasovk9@goo.gl,6298740514,05-01-1985,237 Dovetail Center United States
Ninette,Gerardet,Female,ngerardetka@umich.edu,6518612382,24-02-1972,5 Dottie Circle United States
Connor,Barson,Male,cbarsonkb@shop-pro.jp,5358262215,04-07-1995,3177 Chinook Lane United States
Junie,Munns,Male,jmunnskc@sitemeter.com,1755920454,29-03-1998,32 Birchwood Trail United States
Garek,Griffith,Male,ggriffithkd@dell.com,2181903139,07-06-1997,26136 Morning Pass United States
Sanders,Philimore,Male,sphilimoreke@cbsnews.com,7947997895,09-10-1999,10 Ilene Plaza United States
Baron,Peatheyjohns,Male,bpeatheyjohnskf@google.nl,1311137119,19-11-1986,9 Victoria Parkway United States
Hayes,Andriss,Female,handrisskg@stumbleupon.com,1418324882,12-11-1986,25 Northport Point United States
Heidi,Willstrop,Male,hwillstropkh@stanford.edu,6509801423,19-12-1992,6569 Eagan Crossing United States
Kassi,Brehat,Male,kbrehatki@360.cn,1389411567,02-11-1980,43 Ridgeview Park United States
Sheryl,Bicksteth,Male,sbickstethkj@goodreads.com,2603153815,01-03-1981,772 Bonner Point United States
Misty,Grandin,Female,mgrandinkk@domainmarket.com,9603029516,06-11-1977,7 Badeau Drive Australia
Dylan,Merioth,Female,dmeriothkl@hostgator.com,9768053998,13-01-1993,04161 Derek Circle United States
Abagael,Bierling,Male,abierlingkm@elegantthemes.com,7131002355,26-12-1992,74 Atwood Place United States
Yorker,Vallow,Female,yvallowkn@newsvine.com,2603472369,28-10-1976,0540 Summit Drive United States
Vikki,Curnnok,Female,vcurnnokko@purevolume.com,3032155088,17-08-1973,30 Memorial Junction United States
Randal,Yurenev,Female,ryurenevkp@shinystat.com,8391625695,27-11-1975,41 Upham Plaza United States
Alvan,Gionettitti,Male,agionettittikq@google.com,6626589196,05-02-1982,51242 Ryan Terrace United States
Cami,Muffin,Male,cmuffinkr@shinystat.com,5558659389,23-11-1991,4 Fairview Court United States
Sharron,Burfield,Male,sburfieldks@nydailynews.com,6322809102,07-09-1998,063 Montana Junction Australia
Gifford,Gillogley,Male,ggillogleykt@wix.com,3092039759,12-09-1994,611 Golf Alley United States
Elyse,Fareweather,Female,efareweatherku@icq.com,4166194082,06-01-1990,07 Elmside Crossing United Kingdom
Ester,Blockwell,Female,eblockwellkv@bloglovin.com,3069768728,27-05-1970,2 Steensland Road United States
Pen,Prando,Female,pprandokw@webeden.co.uk,6127986815,12-03-1992,5 Sycamore Trail United States
Sileas,Guyton,Male,sguytonkx@state.tx.us,8026970430,20-09-1997,1 Warbler Crossing United States
Ag,Livett,Male,alivettky@google.com.au,4541060214,27-12-1997,13 Rieder Terrace United States
Hewett,Lines,Male,hlineskz@barnesandnoble.com,1542313529,01-12-1991,76 Prairieview Way United States
Sauveur,d' Elboux,Female,sdelbouxl0@etsy.com,5052853754,01-03-1973,43 Clyde Gallagher Parkway United States
Ofelia,Westmore,Male,owestmorel1@smugmug.com,6668359681,01-12-1996,0 Nevada Place United States
Jyoti,Fanner,Female,jfannerl2@foxnews.com,7307890683,11-02-1980,91341 Di Loreto Center United States
Ellette,MacGiolla,Male,emacgiollal3@wufoo.com,5941074442,27-10-1989,62826 Katie Place United States
Luca,Waskett,Male,lwaskettl4@newyorker.com,6836467231,17-08-1992,4650 Reindahl Pass United States
Yoko,Farrall,Male,yfarralll5@hugedomains.com,6749266544,23-01-1983,0323 Vidon Center United States
Damara,Skase,Female,dskasel6@freewebs.com,5238901733,25-10-1983,843 Center Drive United States
Sosanna,Pollack,Male,spollackl7@netlog.com,4929711073,17-04-1993,35 Colorado Place United States
Inger,Giacobillo,Male,igiacobillol8@diigo.com,9912326058,30-03-1971,85 Ruskin Circle United States
Myrtle,Hully,Male,mhullyl9@123-reg.co.uk,5098805270,05-02-1971,01136 Killdeer Point United States
Tybi,Skoughman,Female,tskoughmanla@examiner.com,4546525957,11-06-1979,59 Memorial Hill United States
Sandra,Barron,Male,sbarronlb@mysql.com,9168489006,03-05-1984,9322 Armistice Place United States
Hebert,Boyen,Female,hboyenlc@oracle.com,9916478073,04-11-1973,887 Barby Way United States
Winnifred,Sullens,Male,wsullensld@uiuc.edu,4838139661,28-04-1990,66 Ohio Way United States
Cully,McNuff,Female,cmcnuffle@cnet.com,6789680740,17-09-1983,59993 Farragut Crossing United States
Aida,Partner,Female,apartnerlf@hexun.com,5905691190,25-05-1994,69 Bluestem Circle United States
Fayina,Gommey,Male,fgommeylg@dagondesign.com,8877023231,21-05-1985,124 Sutherland Road United States
Isabelita,Acome,Male,iacomelh@linkedin.com,9829664780,17-09-1983,1519 Kenwood Court United States
Sapphire,Auchterlonie,Male,sauchterlonieli@mapy.cz,4925667699,24-11-1995,63333 Kennedy Drive United States
Stoddard,Seif,Female,sseiflj@phpbb.com,9019298206,27-03-1986,73 Havey Way United States
Milli,Gallihawk,Male,mgallihawklk@prnewswire.com,2423483417,28-03-1999,80785 Old Gate Center United States
Brana,Quarles,Female,bquarlesll@t-online.de,8163743567,19-01-1979,3713 South Point United States
Ignace,Yggo,Female,iyggolm@cyberchimps.com,3198101423,08-10-1998,4064 Weeping Birch Pass United States
Matelda,Quilliam,Female,mquilliamln@amazon.co.jp,7272293051,03-09-1994,023 Mosinee Point United Kingdom
Darrin,Beacock,Female,dbeacocklo@tamu.edu,1654826031,30-05-1994,11146 American Ash Crossing United States
Andrej,Oluwatoyin,Male,aoluwatoyinlp@ibm.com,8262314929,19-01-1997,49 Rockefeller Plaza United States
Gillan,Lait,Female,glaitlq@time.com,6373158646,23-03-1997,614 Lerdahl Point United States
Phyllys,Parkins,Female,pparkinslr@mysql.com,7436169111,23-04-1979,11 Columbus Avenue United States
Egon,Corkish,Female,ecorkishls@about.me,9326179131,19-10-1993,14601 Melby Center United States
Maggie,Blissitt,Female,mblissittlt@github.io,9211166765,01-11-1983,84723 Dorton Avenue United States
Raychel,Le Teve,Male,rletevelu@acquirethisname.com,4954301035,18-02-1982,41 Walton Street United States
Wilek,Deignan,Male,wdeignanlv@360.cn,9998649312,08-08-1971,0 Oakridge Street United States
Ange,Eddoes,Male,aeddoeslw@surveymonkey.com,2574722121,01-09-1980,4800 Nobel Plaza United States
Oralla,Fury,Male,ofurylx@apache.org,3887513975,05-08-1971,80918 Artisan Park United States
Arlan,Handrick,Female,ahandrickly@slate.com,4866962061,30-11-1975,53 Debra Place United States
Xever,McMeekan,Female,xmcmeekanlz@comsenz.com,5569347453,14-12-1991,69709 Independence Drive United States
Goldarina,Jewitt,Male,gjewittm0@about.com,4748710194,30-09-1988,482 Division Center United States
Kaia,Shorto,Female,kshortom1@reverbnation.com,2193565093,10-06-1999,92245 Fisk Court United States
Desmond,Stiggles,Female,dstigglesm2@cam.ac.uk,8263547818,09-11-1997,8274 Hanover Pass United States
Janith,Gorries,Female,jgorriesm3@joomla.org,9115416504,18-08-1994,5905 Mendota Alley Australia
Gabriello,Deeble,Female,gdeeblem4@hexun.com,1068045724,23-08-1976,662 Saint Paul Alley United States
Urbain,Limerick,Female,ulimerickm5@joomla.org,3116673082,19-03-1995,49 Kipling Lane United States
Erskine,Harsant,Female,eharsantm6@admin.ch,5832259266,26-08-1970,94 Crescent Oaks Pass United States
Aloysius,O'Leahy,Female,aoleahym7@altervista.org,9934128913,23-02-1989,2111 Shoshone Place United States
Loni,Adamov,Female,ladamovm8@i2i.jp,3339170456,15-01-1987,6 Melby Court United States
Gabriel,Bewfield,Female,gbewfieldm9@example.com,6409206490,07-09-1987,0158 Lake View Circle United States
Flossi,Castellino,Female,fcastellinoma@1und1.de,2599321611,22-06-1984,3256 Beilfuss Street United States
Clarence,Burchall,Female,cburchallmb@yellowbook.com,3407855388,22-05-1980,861 Portage Road United States
Conney,Chasson,Male,cchassonmc@blog.com,6314058038,31-08-1970,9143 Oak Valley Point United States
Harris,Clarricoates,Female,hclarricoatesmd@paginegialle.it,5544576526,12-08-1994,4949 Shelley Park United States
Florina,Faltskog,Female,ffaltskogme@blogger.com,7137860002,28-10-1990,47 Onsgard Place United States
Brenden,Gauden,Male,bgaudenmf@odnoklassniki.ru,7739099629,06-06-1987,75378 Manufacturers Court United States
Rocky,Wagge,Male,rwaggemg@1688.com,5965161416,26-07-1997,6776 Oriole Point United States
Heddi,Haken,Male,hhakenmh@cyberchimps.com,3122893787,28-12-1971,87707 Monica Center United States
Ferdinand,Yggo,Male,fyggomi@pbs.org,5935776091,11-03-1980,65528 Anhalt Drive United States
Durante,Fadell,Female,dfadellmj@ucoz.com,9555443681,14-03-1997,8249 Packers Terrace United States
Tucker,Richten,Female,trichtenmk@nymag.com,2276444108,04-03-1995,9 Vermont Junction United States
Berte,Idel,Male,bidelml@typepad.com,8616965707,30-10-1972,45 Forest Trail United States
Hadria,McGarrahan,Male,hmcgarrahanmm@theatlantic.com,2935423730,22-10-1978,35120 Ludington Trail United States
Ronny,Prevett,Male,rprevettmn@yahoo.co.jp,3884731872,20-08-1998,5922 Larry Circle United Kingdom
Estell,MacParlan,Female,emacparlanmo@merriam-webster.com,3563250774,14-04-1971,82685 Hanover Way United States
Rose,Nast,Female,rnastmp@ca.gov,1165052090,18-02-1988,27 Kennedy Crossing United States
Wilbert,Drage,Female,wdragemq@nymag.com,6069464203,05-09-1990,80 Onsgard Trail United States
Freddy,Phinn,Male,fphinnmr@liveinternet.ru,4541013956,23-11-1975,045 Oneill Avenue United States
Olivette,Blacksell,Male,oblacksellms@cdc.gov,4413594824,11-02-1983,29 Dexter Park United States
Jermayne,Zelley,Male,jzelleymt@godaddy.com,7317858495,25-12-1970,177 Thackeray Pass United States
Alaric,Widdup,Female,awiddupmu@ycombinator.com,4456778629,20-03-1971,408 Valley Edge Terrace United States
Boyd,Terris,Male,bterrismv@chronoengine.com,1546917801,12-02-1988,08306 Northwestern Court United States
Ulla,Crosland,Female,ucroslandmw@arizona.edu,6858934719,16-09-1985,37 Magdeline Parkway United States
Cynthie,Rouby,Female,croubymx@nps.gov,2281993557,28-05-1999,6 Dwight Road United States
Adelle,Biasio,Male,abiasiomy@parallels.com,1435936757,19-11-1995,5 Parkside Way United States
Aggi,Yeabsley,Female,ayeabsleymz@rediff.com,8252547422,27-10-1996,449 Marcy Point Australia
Austin,Peegrem,Male,apeegremn0@usatoday.com,7583067335,25-09-1986,880 Magdeline Park United States
Inness,Baford,Male,ibafordn1@sakura.ne.jp,9781813694,27-01-1991,62 Melrose Trail United States
Olivero,Sallis,Female,osallisn2@gmpg.org,3983850856,21-06-1993,611 Sherman Road United States
Penelopa,McGlaughn,Female,pmcglaughnn3@upenn.edu,8303740357,15-04-1998,825 Raven Road United States
Morten,Tolchard,Male,mtolchardn4@lycos.com,3648160214,30-03-1998,79 Spaight Way United States
Thibaut,Deverall,Female,tdeveralln5@cisco.com,9531946855,07-05-1978,9974 Eliot Pass United States
Sarena,Vasyanin,Female,svasyaninn6@symantec.com,3191677186,20-06-1983,4 Old Gate Junction United States
Robenia,Tylor,Male,rtylorn7@linkedin.com,4993677426,25-10-1994,4 Sullivan Pass United States
Saxe,Meiklam,Male,smeiklamn8@delicious.com,1923985488,29-08-1986,5084 Judy Lane United States
Dillon,Fetherby,Female,dfetherbyn9@addtoany.com,8692131609,26-04-1983,89 Graceland Hill United States
Mommy,Fynn,Male,mfynnna@hc360.com,9177688064,10-08-1990,30743 Montana Center United States
Naomi,Lawland,Male,nlawlandnb@artisteer.com,5243593233,23-02-1983,86773 Roth Circle United States
Jacob,Onge,Female,jongenc@feedburner.com,8828686032,22-02-1987,254 Marcy Terrace United States
Timothee,Jee,Female,tjeend@msn.com,4099946988,19-01-1980,12571 Fulton Way United States
Alisun,McCraw,Male,amccrawne@privacy.gov.au,1583436333,22-03-1977,85252 Monument Point United States
Dayle,Pentin,Male,dpentinnf@yahoo.co.jp,8656837604,29-09-1993,58 Superior Park United States
Charmine,Measham,Female,cmeashamng@zdnet.com,5249667013,31-01-1997,564 Everett Terrace United States
Marven,Hakewell,Male,mhakewellnh@topsy.com,5922714336,25-10-1973,672 Hermina Court United States
Rickert,Page,Male,rpageni@ocn.ne.jp,5507241670,09-09-1989,48211 Division Terrace United States
Beryle,Niche,Female,bnichenj@discuz.net,5174261247,26-12-1974,2590 Victoria Crossing United States
Janessa,Filipchikov,Male,jfilipchikovnk@ucsd.edu,8209027496,12-05-1995,324 Oxford Crossing United Kingdom
Theodoric,Pedrozzi,Male,tpedrozzinl@last.fm,3273727808,29-03-1994,4647 Delladonna Hill United States
Dagmar,Crimpe,Female,dcrimpenm@yellowbook.com,7721821695,29-01-1992,6 Maple Hill United Kingdom
Baxy,McSherry,Female,bmcsherrynn@parallels.com,5164430931,19-07-1992,53 Bowman Terrace United States
Cal,Ingleston,Male,cinglestonno@netlog.com,4598528935,11-01-1990,652 Crescent Oaks Street United States
Darlleen,Broose,Male,dbroosenp@blog.com,9033819950,10-02-1989,3 Fremont Place United States
Butch,Phippard,Female,bphippardnq@friendfeed.com,4633255123,04-02-1996,426 2nd Court United States
Lissa,Jerrand,Female,ljerrandnr@sakura.ne.jp,5443820734,17-12-1981,83 Northridge Way United States
Liv,Checchi,Female,lchecchins@xinhuanet.com,8327078000,20-12-1982,95 Old Gate Park United States
Cynthy,Reinbech,Male,creinbechnt@google.co.jp,3624870534,07-10-1981,5 Warner Place United States
Bo,Torbett,Male,btorbettnu@alexa.com,6951822784,14-03-1978,28137 Mcbride Point United States
Charissa,Tredger,Female,ctredgernv@google.it,1829508592,28-09-1992,40 Melby Circle United States
Zolly,Lampet,Female,zlampetnw@msn.com,5184962335,10-04-1970,0895 Valley Edge Trail United States
Kara,Josefowicz,Female,kjosefowicznx@npr.org,8904340542,09-06-1975,8 Cambridge Court United Kingdom
Dee dee,Robson,Male,drobsonny@flickr.com,1121081538,31-01-1983,7295 Bashford Circle United States
Athena,Jumel,Female,ajumelnz@booking.com,8732985321,17-08-1973,65 7th Parkway United States
Willey,Kaman,Male,wkamano0@nationalgeographic.com,1736439494,08-11-1987,071 Troy Park United States
Roi,Cowlam,Female,rcowlamo1@comsenz.com,2852619354,17-10-1973,45617 Debs Center United States
Chrissy,Tilio,Male,ctilioo2@wired.com,5919887292,12-01-1988,27 Mariners Cove Alley United States
Padriac,Tocque,Female,ptocqueo3@columbia.edu,2305698490,07-09-1994,01456 Pleasure Trail United States
Kaylyn,Durward,Male,kdurwardo4@weibo.com,1207951656,08-02-1995,17 Ruskin Park United Kingdom
Kalila,Conibear,Male,kconibearo5@comsenz.com,2073465969,22-01-1985,22240 Spohn Park United States
Bastian,Keyse,Female,bkeyseo6@wufoo.com,4443498632,14-08-1970,2 Del Sol Parkway United States
Lucila,Ducker,Male,lduckero7@multiply.com,3736609555,27-04-1987,268 Declaration Trail United States
Licha,Kopta,Female,lkoptao8@ed.gov,7702691996,17-04-1988,4333 Meadow Ridge Crossing United States
Evelyn,O'Calleran,Female,eocallerano9@barnesandnoble.com,5207737829,29-04-1989,9 Towne Street United States
Gertruda,Arkil,Male,garkiloa@so-net.ne.jp,1186154886,14-11-1978,46 Glendale Pass United States
Fredia,Prime,Female,fprimeob@prlog.org,3783704086,06-08-1991,2 Northwestern Drive United States
Burnaby,Danihel,Female,bdaniheloc@shutterfly.com,3014147219,13-10-1987,39 Novick Plaza United States
Karine,Dach,Male,kdachod@webeden.co.uk,4751411639,21-02-1970,48594 Portage Plaza United States
Alikee,O'Carney,Male,aocarneyoe@ftc.gov,3851020453,31-01-1990,47 Sugar Junction United States
Cyb,Cazereau,Male,ccazereauof@nationalgeographic.com,1095620882,19-11-1974,1 Hazelcrest Lane United States
Oriana,Baysting,Male,obaystingog@berkeley.edu,2051987243,04-03-1985,99593 Chinook Junction United States
Tommy,Skains,Female,tskainsoh@oakley.com,3339873886,02-05-1974,96 Grayhawk Alley Australia
Shayna,Andrewartha,Female,sandrewarthaoi@meetup.com,5892950690,12-04-1973,3286 Hintze Avenue United States
Theresa,Bisset,Female,tbissetoj@goodreads.com,3271320497,30-03-1975,18547 Hintze Street United States
Reinhard,Abeau,Male,rabeauok@wordpress.com,7757678979,13-10-1971,77 Eastlawn Park United States
Berke,Worsnop,Male,bworsnopol@opensource.org,1442903994,11-04-1981,473 Melrose Lane United Kingdom
Murvyn,Sperwell,Male,msperwellom@g.co,6868319901,07-06-1989,390 Lakeland Hill United States
Malia,Jaggar,Female,mjaggaron@lulu.com,6646378823,10-10-1991,4337 Elka Street United States
Delcina,Moberley,Male,dmoberleyoo@wisc.edu,8423066409,27-06-1970,317 Raven Court United States
Harley,Benediktsson,Female,hbenediktssonop@virginia.edu,3076114151,16-06-1988,74 Barby Center United States
Emelen,Hercock,Female,ehercockoq@geocities.com,7564246484,22-04-1991,8 Spohn Street United States
Bear,Cumbridge,Female,bcumbridgeor@pinterest.com,5974003905,05-09-1992,6209 Di Loreto Parkway Australia
Leeanne,Lewinton,Male,llewintonos@privacy.gov.au,1137359519,03-11-1981,23 Jenifer Lane United Kingdom
Tomkin,Luckin,Male,tluckinot@phoca.cz,1909658094,26-07-1999,908 Ramsey Plaza United States
Jillana,Swaddle,Male,jswaddleou@nhs.uk,1177236513,24-04-1971,4 Norway Maple Place United Kingdom
Horton,Ellerman,Male,hellermanov@google.com,2709824712,18-01-1987,07088 Mcbride Court United States
Damon,Bluschke,Male,dbluschkeow@skyrock.com,7219213838,19-12-1989,5446 Carey Plaza United Kingdom
Aylmar,Idenden,Male,aidendenox@last.fm,9438284899,30-07-1993,27 Independence Trail United States
Dorice,Hanrott,Male,dhanrottoy@vimeo.com,5105717054,27-06-1985,079 Iowa Road United States
Daisy,Phelipeaux,Male,dphelipeauxoz@mac.com,2202156095,19-02-1980,07 Northview Hill United States
Corbet,Hince,Female,chincep0@nasa.gov,1944987038,04-05-1998,31563 Lunder Junction United States
Giacomo,Maddy,Female,gmaddyp1@shareasale.com,1782899560,28-03-1981,17838 Mallory Way United States
Solomon,Twelvetree,Male,stwelvetreep2@hostgator.com,6069689496,28-03-1980,3682 Stuart Center United States
Caressa,Statter,Female,cstatterp3@flickr.com,2017355907,26-01-1980,4 Burrows Road United States
Emelda,Noods,Male,enoodsp4@harvard.edu,3996976042,08-09-1975,4800 Sheridan Way United States
Kirstyn,McBrady,Male,kmcbradyp5@vimeo.com,1505838067,14-04-1982,39 Carey Terrace United States
Blanca,Scotson,Female,bscotsonp6@mozilla.org,2298393213,20-09-1982,1485 Grayhawk Plaza United States
Kit,Dickinson,Female,kdickinsonp7@histats.com,7985641724,29-03-1975,1933 Buell Terrace United States
Johnath,Marti,Female,jmartip8@huffingtonpost.com,1426064819,30-06-1991,82749 Dennis Street United States
Raimund,Older,Male,rolderp9@sohu.com,9362680255,25-07-1990,1 Valley Edge Road United States
Josh,Tieraney,Female,jtieraneypa@ehow.com,3862756259,24-11-1991,02747 Del Mar Road United States
Free,Sopp,Male,fsopppb@domainmarket.com,3956007431,11-01-1987,09549 Loftsgordon Trail United States
Cherey,McGinn,Female,cmcginnpc@house.gov,9389117843,20-06-1979,12752 Northwestern Way Australia
Emmi,Halpeine,Female,ehalpeinepd@paginegialle.it,8954946591,11-05-1998,27549 Main Avenue United States
Carmina,Cannon,Female,ccannonpe@geocities.com,8164782960,04-04-1982,2 Bowman Trail United States
Sansone,Kehri,Male,skehripf@wordpress.org,5399229708,24-10-1994,6 Susan Place United States
Randall,Burnyeat,Male,rburnyeatpg@hud.gov,8985073499,12-06-1993,83 Almo Parkway United States
Enoch,Krause,Female,ekrauseph@infoseek.co.jp,1679212206,28-02-1995,972 Elmside Crossing United States
Alessandro,Mattiessen,Male,amattiessenpi@unblog.fr,8944028432,11-09-1974,5 Pennsylvania Terrace United Kingdom
Filbert,Colton,Female,fcoltonpj@xrea.com,9551700383,29-12-1997,91 Novick Court United States
Zorah,Jewel,Female,zjewelpk@multiply.com,5282394175,31-01-1979,65615 Continental Hill Australia
Fabio,Bottoms,Female,fbottomspl@printfriendly.com,9127314175,22-04-1984,35 Longview Street United States
Earvin,Follos,Male,efollospm@webnode.com,2042338901,27-01-1998,8598 Emmet Parkway United States
Danya,Beaven,Male,dbeavenpn@yandex.ru,2948014845,29-04-1972,09104 Cambridge Lane Australia
Gladi,Maccaig,Female,gmaccaigpo@newsvine.com,5656735600,06-12-1975,12596 Carey Plaza United States
Pam,Leroy,Female,pleroypp@angelfire.com,2814355919,25-05-1975,2 Hoepker Alley United States
Kathy,Covert,Female,kcovertpq@engadget.com,3256023770,10-09-1970,7 Dawn Hill United States
Bethena,Hodjetts,Female,bhodjettspr@hatena.ne.jp,2633879909,19-04-1993,5574 Everett Center United States
Kacy,Munsey,Male,kmunseyps@addthis.com,2186642496,16-12-1989,279 Huxley Trail United States
Neely,Greenleaf,Male,ngreenleafpt@myspace.com,3998397949,25-10-1992,80425 Farwell Avenue United States
Wanids,Yonnie,Male,wyonniepu@dailymail.co.uk,4384994342,29-12-1996,49 Burning Wood Plaza United States
Cecelia,Burrells,Male,cburrellspv@sitemeter.com,1868383167,14-06-1999,007 Dovetail Avenue United States
Adolphe,Grzegorczyk,Female,agrzegorczykpw@themeforest.net,9084727219,11-02-1983,97 Westport Crossing United States
Marwin,Rengger,Male,mrenggerpx@columbia.edu,6508124368,18-03-1978,088 Raven Circle United States
Carling,Ferriere,Male,cferrierepy@paypal.com,4716946186,06-07-1978,912 Vermont Drive United States
Leigha,Redmile,Male,lredmilepz@dmoz.org,1925987273,31-08-1980,454 Roth Circle United States
Westbrook,Dameisele,Male,wdameiseleq0@admin.ch,3772787497,01-07-1982,9466 Continental Plaza United States
Emerson,Siemantel,Male,esiemantelq1@devhub.com,4528175778,02-01-1986,35 Anzinger Lane United States
Nikolaus,Neeves,Male,nneevesq2@rambler.ru,5899796272,21-06-1980,4 Ronald Regan Crossing United States
Frankie,Fawkes,Female,ffawkesq3@pcworld.com,5792941819,06-01-1976,4 Lakewood Center United States
Christin,Maillard,Female,cmaillardq4@google.de,3218668378,08-11-1996,132 Brentwood Park United States
Nessie,Penney,Female,npenneyq5@statcounter.com,7839212511,25-12-1975,9019 Del Mar Way United States
Perrine,Petric,Male,ppetricq6@ask.com,2788057689,20-01-1971,71535 Arrowood Place United States
Devi,Lowsely,Male,dlowselyq7@people.com.cn,7534301851,23-03-1979,41 Golf Pass United States
Tann,Hawkett,Male,thawkettq8@intel.com,2951484190,21-08-1985,79 Blue Bill Park Road United Kingdom
Keene,Seth,Male,ksethq9@huffingtonpost.com,4184732702,04-11-1978,74 Division Junction United Kingdom
Adrea,Rogans,Male,arogansqa@jimdo.com,6656288556,09-09-1984,379 Bartillon Hill United States
Georgeanne,Grout,Female,ggroutqb@unc.edu,8748143164,09-12-1976,535 Forest Dale Parkway United States
Marys,Dowers,Male,mdowersqc@techcrunch.com,4621788006,21-10-1977,5757 Daystar Drive United States
Griffin,Barham,Male,gbarhamqd@discuz.net,3936982723,25-09-1984,91313 Mcguire Lane United States
Eden,Riordan,Female,eriordanqe@msn.com,4918952168,29-07-1997,0 Novick Court United States
Jarrad,Schimoni,Female,jschimoniqf@skype.com,6464718668,23-07-1976,0920 Shasta Plaza United States
Letizia,O'Ferris,Male,loferrisqg@friendfeed.com,4299820102,05-06-1973,036 David Terrace United States
Alfons,Folger,Female,afolgerqh@wordpress.com,1818840748,02-11-1991,96467 Schurz Court United Kingdom
Maxi,Hawkshaw,Male,mhawkshawqi@wsj.com,7649273335,04-09-1995,36340 South Place United States
Craggy,Faust,Male,cfaustqj@weebly.com,2554442589,23-10-1996,3376 Cody Crossing Australia
Moore,Urch,Male,murchqk@answers.com,8123282955,07-12-1998,176 Thompson Court United States
Rickey,Giannoni,Female,rgiannoniql@ucla.edu,2752629707,19-08-1979,75090 Clyde Gallagher Place United States
Gweneth,Romeuf,Female,gromeufqm@nyu.edu,5418508601,12-02-1997,09304 Raven Parkway United States
Roseanne,Curtin,Female,rcurtinqn@theatlantic.com,7578771805,08-11-1982,5 Portage Road United Kingdom
Ulysses,Jordine,Male,ujordineqo@accuweather.com,2869541064,05-07-1993,37 Loeprich Lane United States
Livia,MacCurtain,Male,lmaccurtainqp@fda.gov,6669173953,10-03-1976,24095 Brickson Park Parkway United States
Therine,Anglim,Female,tanglimqq@discovery.com,8886704710,07-10-1974,02492 Shelley Way United States
Charmaine,Giraudou,Male,cgiraudouqr@naver.com,9825193844,19-04-1972,72 Welch Crossing United States
Jacki,Antushev,Male,jantushevqs@symantec.com,3832958898,25-09-1981,461 Twin Pines Place United States
Danette,Birkwood,Female,dbirkwoodqt@pen.io,8942117135,22-08-1990,01 Graedel Park United States
Celie,Volks,Male,cvolksqu@springer.com,3089959296,10-06-1972,8901 Tennyson Avenue United States
Fernandina,Ricards,Female,fricardsqv@auda.org.au,2756560611,23-03-1977,31524 Lindbergh Plaza United States
Amos,Riccione,Male,ariccioneqw@rediff.com,6457436431,17-01-1977,86621 Mccormick Parkway United States
Zondra,Bielfeldt,Male,zbielfeldtqx@columbia.edu,1034588635,10-02-1979,482 Lotheville Terrace United States
Nikolaus,Lugton,Female,nlugtonqy@meetup.com,8426140483,28-10-1992,71 Hazelcrest Drive United States
Pinchas,Dethloff,Female,pdethloffqz@eepurl.com,3571437838,03-04-1985,8440 Farmco Junction United States
Gussy,Pendlenton,Male,gpendlentonr0@devhub.com,3508299471,17-10-1976,7985 Donald Lane United States
Meredeth,Falco,Male,mfalcor1@blog.com,4519133977,17-04-1998,1728 Fairview Parkway United States
Jere,Philipp,Female,jphilippr2@privacy.gov.au,7075528778,04-08-1994,03 Dorton Point United States
Caz,Paal,Female,cpaalr3@mail.ru,8832526168,11-05-1991,170 Beilfuss Point United States
Pat,Baythorp,Male,pbaythorpr4@hatena.ne.jp,6945744121,07-01-1972,1175 Stone Corner Alley United States
Siobhan,Palomba,Female,spalombar5@exblog.jp,3587146430,18-06-1989,2 Hanson Lane United States
Janie,Lune,Female,jluner6@cam.ac.uk,1205456841,12-10-1977,046 Mitchell Point United States
Thorpe,Casillas,Female,tcasillasr7@ifeng.com,8289898068,14-03-1996,4862 Grasskamp Drive United States
Wendall,Millichip,Male,wmillichipr8@diigo.com,8737243087,16-08-1988,79881 Calypso Way United States
Elonore,Isack,Female,eisackr9@furl.net,3227752333,07-07-1978,62 Shoshone Drive United States
Ardyth,Golde,Female,agoldera@google.it,5351373288,27-06-1995,03205 Maywood Plaza United States
Harmonia,Egan,Male,heganrb@digg.com,6096737687,04-02-1970,6 Lakewood Point United States
Marcile,Sporgeon,Male,msporgeonrc@apache.org,2086395832,08-02-1993,45728 Pepper Wood Park United States
Daniel,Felder,Male,dfelderrd@google.es,1847846235,03-11-1987,3488 Hanover Parkway United States
Winona,Melody,Male,wmelodyre@etsy.com,1691670998,18-07-1971,0 Shelley Hill United States
Addie,Marlow,Male,amarlowrf@theguardian.com,7688608803,29-12-1978,72296 Autumn Leaf Avenue United States
Patrizio,Hancox,Female,phancoxrg@wunderground.com,4559995984,01-12-1984,66 Kings Terrace United States
Devi,Paynton,Male,dpayntonrh@bandcamp.com,7989736589,24-03-1973,4735 Basil Court United States
Lamont,Gluyas,Male,lgluyasri@ebay.co.uk,3129815880,25-11-1996,893 Green Street United States
Putnem,Lineen,Male,plineenrj@spiegel.de,3706844174,17-09-1988,10840 5th Hill United States
Gonzalo,Catonne,Female,gcatonnerk@arstechnica.com,6551386364,15-08-1977,96 Thierer Park United States
Grover,Hallatt,Male,ghallattrl@smugmug.com,4074864409,13-04-1991,10 Muir Parkway United States
Ogden,Ratazzi,Female,oratazzirm@paypal.com,1109959818,07-12-1981,91 Cordelia Way United States
Franny,Phizackarley,Male,fphizackarleyrn@gov.uk,7963372914,02-10-1990,897 Granby Lane United States
Xylia,Crumly,Female,xcrumlyro@smugmug.com,8331966583,02-07-1996,7 Lyons Plaza United States
Rodolfo,Syseland,Male,rsyselandrp@wp.com,2563736185,04-10-1972,66 Grasskamp Road United States
Legra,Lithcow,Female,llithcowrq@scientificamerican.com,9181085329,31-08-1989,0 Bluejay Parkway United States
Abe,Wraggs,Female,awraggsrr@smugmug.com,5015472649,21-03-1996,684 Hintze Crossing United States
,,,,,,
Pritham,M,Male,pritam@gmail.com,880666988,20-11-1999,Mumbai
